page,question_id,column,x0,y0,x1,y1,auto_trim_right_px,auto_trim_bottom_px,image_path
1,0011,0,18.0,208.73,303.81,497.06,0,0,output_crops\images\p001_q0011.png
1,0012,0,18.0,495.06,303.81,796.89,0,0,output_crops\images\p001_q0012.png
1,0013,1,319.81,248.69,605.62,424.47,0,0,output_crops\images\p001_q0013.png
1,0014,1,319.81,422.47,605.62,605.06,0,0,output_crops\images\p001_q0014.png
1,0015,1,319.81,603.06,605.62,796.89,0,0,output_crops\images\p001_q0015.png
2,0016,0,18.0,74.54,303.81,377.51,0,0,output_crops\images\p002_q0016.png
2,0017,0,18.0,375.51,303.81,625.19,0,0,output_crops\images\p002_q0017.png
2,0018,0,18.0,623.19,303.81,796.89,0,0,output_crops\images\p002_q0018.png
2,0019,1,319.81,214.32,605.62,413.94,0,0,output_crops\images\p002_q0019.png
2,0020,1,319.81,411.94,605.62,590.75,0,0,output_crops\images\p002_q0020.png
2,0021,1,319.81,588.75,605.62,796.89,0,0,output_crops\images\p002_q0021.png
3,0022,0,18.0,272.11,303.81,439.68,0,0,output_crops\images\p003_q0022.png
3,0023,0,18.0,437.68,303.81,605.49,0,0,output_crops\images\p003_q0023.png
3,0024,0,18.0,603.49,303.81,796.89,0,0,output_crops\images\p003_q0024.png
3,0025,1,319.81,73.9,551.99,229.86,161,0,output_crops\images\p003_q0025.png
3,0026,1,319.81,227.86,605.62,358.4,0,750,output_crops\images\p003_q0026.png
3,0027,1,319.81,606.14,605.62,796.89,0,0,output_crops\images\p003_q0027.png
4,0028,0,18.0,74.97,303.81,342.07,0,0,output_crops\images\p004_q0028.png
4,0029,0,18.0,340.07,303.81,608.32,0,0,output_crops\images\p004_q0029.png
4,0030,0,18.0,606.32,303.81,796.89,0,0,output_crops\images\p004_q0030.png
4,0031,1,319.81,180.87,605.62,389.37,0,0,output_crops\images\p004_q0031.png
4,0032,1,319.81,387.37,605.62,595.51,0,0,output_crops\images\p004_q0032.png
4,0033,1,319.81,593.51,605.62,796.89,0,0,output_crops\images\p004_q0033.png
5,0034,0,18.0,227.08,303.81,503.51,0,0,output_crops\images\p005_q0034.png
5,0035,0,18.0,501.51,303.81,796.89,0,0,output_crops\images\p005_q0035.png
5,0036,1,319.81,165.64,568.98,394.87,110,0,output_crops\images\p005_q0036.png
5,0037,1,319.81,392.87,605.62,608.04,0,0,output_crops\images\p005_q0037.png
5,0038,1,319.81,606.04,605.62,796.89,0,0,output_crops\images\p005_q0038.png
6,0039,0,18.0,74.54,303.81,325.32,0,0,output_crops\images\p006_q0039.png
6,0040,0,18.0,323.32,303.81,573.88,0,0,output_crops\images\p006_q0040.png
6,0041,0,18.0,571.88,303.81,796.89,0,0,output_crops\images\p006_q0041.png
6,0042,1,319.81,250.61,605.62,417.98,0,0,output_crops\images\p006_q0042.png
6,0043,1,319.81,415.98,605.62,583.09,0,0,output_crops\images\p006_q0043.png
6,0044,1,319.81,581.09,605.62,796.89,0,0,output_crops\images\p006_q0044.png
7,0045,0,18.0,74.97,303.81,172.19,0,749,output_crops\images\p007_q0045.png
7,0046,0,18.0,419.57,303.81,601.94,0,0,output_crops\images\p007_q0046.png
7,0047,0,18.0,599.94,303.81,796.89,0,0,output_crops\images\p007_q0047.png
7,0048,1,319.81,242.31,605.62,432.05,0,0,output_crops\images\p007_q0048.png
7,0049,1,319.81,430.05,605.62,608.18,0,0,output_crops\images\p007_q0049.png
7,0050,1,319.81,606.18,605.62,796.89,0,0,output_crops\images\p007_q0050.png
8,0057,0,18.0,275.12,303.81,500.61,0,0,output_crops\images\p008_q0057.png
8,0058,0,18.0,498.61,303.81,796.89,0,0,output_crops\images\p008_q0058.png
8,0059,1,319.81,117.06,569.65,473.39,108,0,output_crops\images\p008_q0059.png
8,0060,1,319.81,471.39,605.62,796.89,0,0,output_crops\images\p008_q0060.png
9,0061,0,18.0,233.38,303.81,401.57,0,0,output_crops\images\p009_q0061.png
9,0062,0,18.0,399.57,303.81,567.08,0,0,output_crops\images\p009_q0062.png
9,0063,0,18.0,565.08,303.81,796.89,0,0,output_crops\images\p009_q0063.png
9,0064,1,319.81,74.54,605.62,356.61,0,0,output_crops\images\p009_q0064.png
9,0065,1,319.81,354.61,605.62,574.15,0,0,output_crops\images\p009_q0065.png
9,0066,1,319.81,572.15,605.62,796.89,0,0,output_crops\images\p009_q0066.png
10,0067,0,18.0,219.21,303.81,393.24,0,0,output_crops\images\p010_q0067.png
10,0068,0,18.0,391.24,303.81,635.89,0,0,output_crops\images\p010_q0068.png
10,0069,0,18.0,633.89,303.81,796.89,0,0,output_crops\images\p010_q0069.png
10,0070,1,319.81,74.54,569.65,204.1,108,879,output_crops\images\p010_q0070.png
10,0071,1,319.81,494.85,605.62,796.89,0,0,output_crops\images\p010_q0071.png
11,0072,0,18.0,74.54,303.81,240.4,0,589,output_crops\images\p011_q0072.png
11,0073,0,18.0,434.57,303.81,590.89,0,0,output_crops\images\p011_q0073.png
11,0074,0,18.0,588.89,303.81,796.89,0,0,output_crops\images\p011_q0074.png
11,0075,1,319.81,74.54,605.62,316.85,0,0,output_crops\images\p011_q0075.png
11,0076,1,319.81,314.85,605.62,574.23,0,0,output_crops\images\p011_q0076.png
11,0077,1,319.81,572.23,605.62,796.89,0,0,output_crops\images\p011_q0077.png
12,0078,0,18.0,116.92,303.81,398.78,0,0,output_crops\images\p012_q0078.png
12,0079,0,18.0,396.78,303.81,624.91,0,0,output_crops\images\p012_q0079.png
12,0080,0,18.0,622.91,303.81,796.89,0,0,output_crops\images\p012_q0080.png
12,0081,1,319.81,116.92,568.65,380.93,111,0,output_crops\images\p012_q0081.png
12,0082,1,319.81,378.93,605.62,571.05,0,0,output_crops\images\p012_q0082.png
12,0083,1,319.81,569.05,605.62,796.89,0,0,output_crops\images\p012_q0083.png
13,0084,0,18.0,74.97,303.81,321.78,0,0,output_crops\images\p013_q0084.png
13,0085,0,18.0,319.78,303.81,571.47,0,0,output_crops\images\p013_q0085.png
13,0086,0,18.0,569.47,303.81,796.89,0,0,output_crops\images\p013_q0086.png
13,0087,1,319.81,74.97,605.62,316.5,0,0,output_crops\images\p013_q0087.png
13,0088,1,319.81,314.5,605.62,607.76,0,0,output_crops\images\p013_q0088.png
13,0089,1,319.81,605.76,605.62,796.89,0,0,output_crops\images\p013_q0089.png
14,0090,0,18.0,74.97,303.81,329.23,0,0,output_crops\images\p014_q0090.png
14,0091,0,18.0,327.23,303.81,512.14,0,0,output_crops\images\p014_q0091.png
14,0092,0,18.0,510.14,303.81,796.89,0,0,output_crops\images\p014_q0092.png
14,0093,1,319.81,75.32,562.65,298.21,129,0,output_crops\images\p014_q0093.png
14,0094,1,319.81,296.21,605.62,583.45,0,0,output_crops\images\p014_q0094.png
14,0095,1,319.81,581.45,605.62,796.89,0,0,output_crops\images\p014_q0095.png
15,0105,0,18.0,292.77,303.81,507.41,0,0,output_crops\images\p015_q0105.png
15,0106,0,18.0,505.41,303.81,796.89,0,0,output_crops\images\p015_q0106.png
15,0107,1,319.81,117.06,569.31,337.79,109,0,output_crops\images\p015_q0107.png
15,0108,1,319.81,335.79,605.62,591.1,0,0,output_crops\images\p015_q0108.png
15,0109,1,319.81,589.1,605.62,796.89,0,0,output_crops\images\p015_q0109.png
16,0110,0,18.0,229.27,303.81,411.3,0,0,output_crops\images\p016_q0110.png
16,0111,0,18.0,409.3,303.81,608.0,0,0,output_crops\images\p016_q0111.png
16,0112,0,18.0,606.0,303.81,796.89,0,0,output_crops\images\p016_q0112.png
16,0113,1,319.81,221.62,605.62,416.7,0,0,output_crops\images\p016_q0113.png
16,0114,1,319.81,414.7,605.62,606.66,0,0,output_crops\images\p016_q0114.png
16,0115,1,319.81,604.66,605.62,796.89,0,0,output_crops\images\p016_q0115.png
17,0116,0,18.0,73.83,303.81,186.77,0,692,output_crops\images\p017_q0116.png
17,0117,0,18.0,415.3,303.81,608.04,0,0,output_crops\images\p017_q0117.png
17,0118,0,18.0,606.04,303.81,796.89,0,0,output_crops\images\p017_q0118.png
17,0119,1,319.81,74.54,569.31,253.73,109,0,output_crops\images\p017_q0119.png
17,0120,1,319.81,251.73,569.31,431.84,109,0,output_crops\images\p017_q0120.png
17,0121,1,319.81,429.84,605.62,606.62,0,0,output_crops\images\p017_q0121.png
17,0122,1,319.81,604.62,605.62,796.89,0,0,output_crops\images\p017_q0122.png
18,0123,0,18.0,73.67,303.81,185.91,0,701,output_crops\images\p018_q0123.png
18,0124,0,18.0,417.39,303.81,605.77,0,0,output_crops\images\p018_q0124.png
18,0125,0,18.0,603.77,303.81,796.89,0,0,output_crops\images\p018_q0125.png
18,0126,1,319.81,74.54,605.62,250.16,0,0,output_crops\images\p018_q0126.png
18,0127,1,319.81,248.16,605.62,427.33,0,0,output_crops\images\p018_q0127.png
18,0128,1,319.81,425.33,605.62,608.04,0,0,output_crops\images\p018_q0128.png
18,0129,1,319.81,606.04,605.62,796.89,0,0,output_crops\images\p018_q0129.png
19,0130,0,18.0,74.54,303.81,337.81,0,0,output_crops\images\p019_q0130.png
19,0131,0,18.0,335.81,303.81,608.18,0,0,output_crops\images\p019_q0131.png
19,0132,0,18.0,606.18,303.81,796.89,0,0,output_crops\images\p019_q0132.png
19,0133,1,319.81,235.65,569.31,425.69,109,0,output_crops\images\p019_q0133.png
19,0134,1,319.81,423.69,605.62,613.42,0,0,output_crops\images\p019_q0134.png
19,0135,1,319.81,611.42,605.62,796.89,0,0,output_crops\images\p019_q0135.png
20,0152,0,18.0,279.66,303.81,491.46,0,0,output_crops\images\p020_q0152.png
20,0153,0,18.0,489.46,303.81,796.89,0,0,output_crops\images\p020_q0153.png
20,0154,1,319.81,117.06,605.62,314.29,0,0,output_crops\images\p020_q0154.png
20,0155,1,319.81,312.29,605.62,408.51,0,633,output_crops\images\p020_q0155.png
20,0156,1,319.81,617.27,605.62,796.89,0,0,output_crops\images\p020_q0156.png
21,0157,0,18.0,74.54,303.81,265.05,0,0,output_crops\images\p021_q0157.png
21,0158,0,18.0,263.05,303.81,358.94,0,732,output_crops\images\p021_q0158.png
21,0159,0,18.0,600.68,303.81,796.89,0,0,output_crops\images\p021_q0159.png
21,0160,1,319.81,74.61,569.31,337.37,109,0,output_crops\images\p021_q0160.png
21,0161,1,319.81,335.37,605.62,606.62,0,0,output_crops\images\p021_q0161.png
21,0162,1,319.81,604.62,605.62,796.89,0,0,output_crops\images\p021_q0162.png
22,0163,0,18.0,242.53,303.81,432.0,0,0,output_crops\images\p022_q0163.png
22,0164,0,18.0,430.0,303.81,619.38,0,0,output_crops\images\p022_q0164.png
22,0165,0,18.0,617.38,303.81,796.89,0,0,output_crops\images\p022_q0165.png
22,0166,1,319.81,288.45,605.62,463.99,0,0,output_crops\images\p022_q0166.png
22,0167,1,319.81,461.99,605.62,643.47,0,0,output_crops\images\p022_q0167.png
22,0168,1,319.81,641.47,605.62,796.89,0,0,output_crops\images\p022_q0168.png
23,0169,0,18.0,74.37,303.81,324.04,0,0,output_crops\images\p023_q0169.png
23,0170,0,18.0,322.04,303.81,571.9,0,0,output_crops\images\p023_q0170.png
23,0171,0,18.0,569.9,303.81,796.89,0,0,output_crops\images\p023_q0171.png
23,0172,1,319.81,237.78,569.31,410.58,109,0,output_crops\images\p023_q0172.png
23,0173,1,319.81,408.58,605.62,634.97,0,0,output_crops\images\p023_q0173.png
23,0174,1,319.81,632.97,605.62,796.89,0,0,output_crops\images\p023_q0174.png
24,0175,0,18.0,73.12,303.81,187.73,0,718,output_crops\images\p024_q0175.png
24,0176,0,18.0,424.94,303.81,622.21,0,0,output_crops\images\p024_q0176.png
24,0177,0,18.0,620.21,303.81,796.89,0,0,output_crops\images\p024_q0177.png
24,0178,1,319.81,73.83,605.62,293.26,0,0,output_crops\images\p024_q0178.png
24,0179,1,319.81,291.26,605.62,497.44,0,0,output_crops\images\p024_q0179.png
24,0180,1,319.81,495.44,605.62,796.89,0,0,output_crops\images\p024_q0180.png
25,0181,0,18.0,227.86,303.81,423.26,0,0,output_crops\images\p025_q0181.png
25,0182,0,18.0,421.26,303.81,591.54,0,0,output_crops\images\p025_q0182.png
25,0183,0,18.0,589.54,303.81,796.89,0,0,output_crops\images\p025_q0183.png
25,0184,1,319.81,237.54,568.31,422.81,112,0,output_crops\images\p025_q0184.png
25,0185,1,319.81,420.81,605.62,589.61,0,0,output_crops\images\p025_q0185.png
25,0186,1,319.81,587.61,605.62,796.89,0,0,output_crops\images\p025_q0186.png
26,0187,0,18.0,73.3,303.81,339.19,0,0,output_crops\images\p026_q0187.png
26,0188,0,18.0,337.19,303.81,605.2,0,0,output_crops\images\p026_q0188.png
26,0189,0,18.0,603.2,303.81,796.89,0,0,output_crops\images\p026_q0189.png
26,0190,1,319.81,221.48,605.62,401.22,0,0,output_crops\images\p026_q0190.png
26,0191,1,319.81,399.22,605.62,591.31,0,0,output_crops\images\p026_q0191.png
26,0192,1,319.81,589.31,605.62,796.89,0,0,output_crops\images\p026_q0192.png
27,0193,0,18.0,116.92,303.81,373.44,0,0,output_crops\images\p027_q0193.png
27,0194,0,18.0,371.44,303.81,571.97,0,0,output_crops\images\p027_q0194.png
27,0195,0,18.0,569.97,303.81,796.89,0,0,output_crops\images\p027_q0195.png
27,0196,1,319.81,115.64,568.98,383.11,110,0,output_crops\images\p027_q0196.png
27,0197,1,319.81,381.11,605.62,608.11,0,0,output_crops\images\p027_q0197.png
27,0198,1,319.81,606.11,605.62,796.89,0,0,output_crops\images\p027_q0198.png
28,0199,0,18.0,73.88,303.81,321.8,0,0,output_crops\images\p028_q0199.png
28,0200,0,18.0,319.8,303.81,606.83,0,0,output_crops\images\p028_q0200.png
28,0201,0,18.0,604.83,303.81,796.89,0,0,output_crops\images\p028_q0201.png
28,0202,1,319.81,73.88,605.62,306.6,0,0,output_crops\images\p028_q0202.png
28,0203,1,319.81,304.6,605.62,537.1,0,0,output_crops\images\p028_q0203.png
28,0204,1,319.81,535.1,605.62,796.89,0,0,output_crops\images\p028_q0204.png
29,0205,0,18.0,73.88,303.81,330.66,0,0,output_crops\images\p029_q0205.png
29,0206,0,18.0,328.66,303.81,591.6,0,0,output_crops\images\p029_q0206.png
29,0207,0,18.0,589.6,303.81,796.89,0,0,output_crops\images\p029_q0207.png
29,0208,1,319.81,74.54,568.98,325.58,110,0,output_crops\images\p029_q0208.png
29,0209,1,319.81,323.58,569.65,574.77,108,0,output_crops\images\p029_q0209.png
29,0210,1,319.81,572.77,605.62,796.89,0,0,output_crops\images\p029_q0210.png
30,0230,0,18.0,278.18,303.81,444.23,0,0,output_crops\images\p030_q0230.png
30,0231,0,18.0,442.23,303.81,608.04,0,0,output_crops\images\p030_q0231.png
30,0232,0,18.0,606.04,303.81,796.89,0,0,output_crops\images\p030_q0232.png
30,0233,1,319.81,247.7,569.65,513.08,108,0,output_crops\images\p030_q0233.png
30,0234,1,319.81,511.08,605.62,796.89,0,0,output_crops\images\p030_q0234.png
31,0235,0,18.0,73.12,303.81,274.72,0,783,output_crops\images\p031_q0235.png
31,0236,0,18.0,533.62,303.81,796.89,0,0,output_crops\images\p031_q0236.png
31,0237,1,319.81,73.12,605.62,270.83,0,0,output_crops\images\p031_q0237.png
31,0238,1,319.81,268.83,605.62,442.66,0,0,output_crops\images\p031_q0238.png
31,0239,1,319.81,440.66,605.62,621.72,0,0,output_crops\images\p031_q0239.png
31,0240,1,319.81,619.72,605.62,796.89,0,0,output_crops\images\p031_q0240.png
32,0241,0,18.0,234.09,303.81,426.27,0,0,output_crops\images\p032_q0241.png
32,0242,0,18.0,424.27,303.81,608.18,0,0,output_crops\images\p032_q0242.png
32,0243,0,18.0,606.18,303.81,796.89,0,0,output_crops\images\p032_q0243.png
32,0244,1,319.81,73.9,605.62,342.01,0,0,output_crops\images\p032_q0244.png
32,0245,1,319.81,340.01,568.65,608.32,111,0,output_crops\images\p032_q0245.png
32,0246,1,319.81,606.32,605.62,796.89,0,0,output_crops\images\p032_q0246.png
33,0247,0,18.0,74.54,303.81,204.69,0,717,output_crops\images\p033_q0247.png
33,0248,0,18.0,441.35,303.81,625.47,0,0,output_crops\images\p033_q0248.png
33,0249,0,18.0,623.47,303.81,796.89,0,0,output_crops\images\p033_q0249.png
33,0250,1,319.81,74.54,605.62,333.61,0,0,output_crops\images\p033_q0250.png
33,0251,1,319.81,331.61,605.62,607.61,0,0,output_crops\images\p033_q0251.png
33,0252,1,319.81,605.61,605.62,796.89,0,0,output_crops\images\p033_q0252.png
34,0253,0,18.0,74.54,303.81,333.5,0,0,output_crops\images\p034_q0253.png
34,0254,0,18.0,331.5,303.81,590.32,0,0,output_crops\images\p034_q0254.png
34,0255,0,18.0,588.32,303.81,796.89,0,0,output_crops\images\p034_q0255.png
34,0256,1,319.81,74.54,605.62,269.3,0,0,output_crops\images\p034_q0256.png
34,0257,1,319.81,267.3,569.65,363.19,108,735,output_crops\images\p034_q0257.png
34,0258,1,319.81,605.93,605.62,796.89,0,0,output_crops\images\p034_q0258.png
35,0259,0,18.0,74.54,303.81,306.48,0,0,output_crops\images\p035_q0259.png
35,0260,0,18.0,304.48,303.81,590.57,0,0,output_crops\images\p035_q0260.png
35,0261,0,18.0,588.57,303.81,796.89,0,0,output_crops\images\p035_q0261.png
35,0262,1,319.81,259.61,605.62,535.33,0,0,output_crops\images\p035_q0262.png
35,0263,1,319.81,533.33,605.62,796.89,0,0,output_crops\images\p035_q0263.png
36,0264,0,18.0,74.54,303.81,417.34,0,0,output_crops\images\p036_q0264.png
36,0265,0,18.0,415.34,303.81,796.89,0,0,output_crops\images\p036_q0265.png
36,0266,1,319.81,234.52,568.65,486.36,111,0,output_crops\images\p036_q0266.png
36,0267,1,319.81,484.36,605.62,796.89,0,0,output_crops\images\p036_q0267.png
37,0268,0,18.0,74.54,303.81,303.06,0,0,output_crops\images\p037_q0268.png
37,0269,0,18.0,301.06,303.81,529.31,0,0,output_crops\images\p037_q0269.png
37,0270,0,18.0,527.31,303.81,666.86,0,0,output_crops\images\p037_q0270.png
37,0271,0,18.0,664.86,303.81,796.89,0,0,output_crops\images\p037_q0271.png
37,0272,1,319.81,166.46,605.62,478.14,0,0,output_crops\images\p037_q0272.png
37,0273,1,319.81,476.14,605.62,796.89,0,0,output_crops\images\p037_q0273.png
38,0274,0,18.0,74.54,303.81,503.48,0,0,output_crops\images\p038_q0274.png
38,0275,0,18.0,501.48,303.81,796.89,0,0,output_crops\images\p038_q0275.png
38,0276,1,319.81,267.05,568.98,479.75,110,0,output_crops\images\p038_q0276.png
38,0277,1,319.81,477.75,605.62,636.53,0,0,output_crops\images\p038_q0277.png
38,0278,1,319.81,634.53,605.62,796.89,0,0,output_crops\images\p038_q0278.png
39,0279,0,18.0,74.54,303.81,349.86,0,0,output_crops\images\p039_q0279.png
39,0280,0,18.0,347.86,303.81,591.17,0,0,output_crops\images\p039_q0280.png
39,0281,0,18.0,589.17,303.81,796.89,0,0,output_crops\images\p039_q0281.png
39,0282,1,319.81,275.83,605.62,443.1,0,0,output_crops\images\p039_q0282.png
39,0283,1,319.81,441.1,605.62,591.46,0,0,output_crops\images\p039_q0283.png
39,0284,1,319.81,589.46,605.62,796.89,0,0,output_crops\images\p039_q0284.png
40,0285,0,18.0,74.54,303.81,351.08,0,0,output_crops\images\p040_q0285.png
40,0286,0,18.0,349.08,303.81,591.24,0,0,output_crops\images\p040_q0286.png
40,0287,0,18.0,589.24,303.81,796.89,0,0,output_crops\images\p040_q0287.png
40,0288,1,319.81,246.99,569.31,428.49,109,0,output_crops\images\p040_q0288.png
40,0289,1,319.81,426.49,568.98,607.86,110,0,output_crops\images\p040_q0289.png
40,0290,1,319.81,605.86,605.62,796.89,0,0,output_crops\images\p040_q0290.png
41,0291,0,18.0,74.54,303.81,342.24,0,0,output_crops\images\p041_q0291.png
41,0292,0,18.0,340.24,303.81,625.19,0,0,output_crops\images\p041_q0292.png
41,0293,0,18.0,623.19,303.81,796.89,0,0,output_crops\images\p041_q0293.png
41,0294,1,319.81,102.32,605.62,269.74,0,0,output_crops\images\p041_q0294.png
41,0295,1,319.81,267.74,605.62,605.49,0,0,output_crops\images\p041_q0295.png
41,0296,1,319.81,603.49,605.62,796.89,0,0,output_crops\images\p041_q0296.png
42,0297,0,18.0,116.49,303.81,282.59,0,0,output_crops\images\p042_q0297.png
42,0298,0,18.0,280.59,303.81,483.74,0,0,output_crops\images\p042_q0298.png
42,0299,0,18.0,481.74,303.81,796.89,0,0,output_crops\images\p042_q0299.png
42,0300,1,319.81,116.49,605.62,354.19,0,0,output_crops\images\p042_q0300.png
42,0301,1,319.81,352.19,568.98,592.76,110,0,output_crops\images\p042_q0301.png
42,0302,1,319.81,590.76,605.62,796.89,0,0,output_crops\images\p042_q0302.png
43,0303,0,18.0,74.97,303.81,355.76,0,0,output_crops\images\p043_q0303.png
43,0304,0,18.0,353.76,303.81,554.46,0,0,output_crops\images\p043_q0304.png
43,0305,0,18.0,552.46,303.81,796.89,0,0,output_crops\images\p043_q0305.png
43,0306,1,319.81,74.97,605.62,367.95,0,0,output_crops\images\p043_q0306.png
43,0307,1,319.81,365.95,605.62,607.69,0,0,output_crops\images\p043_q0307.png
43,0308,1,319.81,605.69,605.62,796.89,0,0,output_crops\images\p043_q0308.png
44,0309,0,18.0,74.97,303.81,330.86,0,0,output_crops\images\p044_q0309.png
44,0310,0,18.0,328.86,303.81,602.32,0,0,output_crops\images\p044_q0310.png
44,0311,0,18.0,600.32,303.81,796.89,0,0,output_crops\images\p044_q0311.png
44,0312,1,319.81,74.97,605.62,297.32,0,0,output_crops\images\p044_q0312.png
44,0313,1,319.81,295.32,569.31,538.31,109,0,output_crops\images\p044_q0313.png
44,0314,1,319.81,536.31,605.62,796.89,0,0,output_crops\images\p044_q0314.png
45,0334,0,18.0,233.24,303.81,419.78,0,0,output_crops\images\p045_q0334.png
45,0335,0,18.0,417.78,303.81,603.79,0,0,output_crops\images\p045_q0335.png
45,0336,0,18.0,601.79,303.81,796.89,0,0,output_crops\images\p045_q0336.png
45,0337,1,319.81,246.53,605.62,363.89,0,0,output_crops\images\p045_q0337.png
45,0338,1,319.81,361.89,605.62,549.15,0,0,output_crops\images\p045_q0338.png
45,0339,1,319.81,547.15,605.62,796.89,0,0,output_crops\images\p045_q0339.png
46,0340,0,18.0,74.54,303.81,270.93,0,0,output_crops\images\p046_q0340.png
46,0341,0,18.0,268.93,303.81,364.51,0,623,output_crops\images\p046_q0341.png
46,0342,0,18.0,570.0,303.81,796.89,0,0,output_crops\images\p046_q0342.png
46,0343,1,319.81,74.54,605.62,278.95,0,0,output_crops\images\p046_q0343.png
46,0344,1,319.81,276.95,605.62,498.2,0,0,output_crops\images\p046_q0344.png
46,0345,1,319.81,496.2,569.65,796.89,108,0,output_crops\images\p046_q0345.png
47,0346,0,18.0,190.44,303.81,401.32,0,0,output_crops\images\p047_q0346.png
47,0347,0,18.0,399.32,303.81,608.04,0,0,output_crops\images\p047_q0347.png
47,0348,0,18.0,606.04,303.81,796.89,0,0,output_crops\images\p047_q0348.png
47,0349,1,319.81,73.69,605.62,269.74,0,0,output_crops\images\p047_q0349.png
47,0350,1,319.81,267.74,605.62,384.71,0,670,output_crops\images\p047_q0350.png
47,0351,1,319.81,606.0,605.62,796.89,0,0,output_crops\images\p047_q0351.png
48,0352,0,18.0,74.54,303.81,383.71,0,0,output_crops\images\p048_q0352.png
48,0353,0,18.0,381.71,303.81,607.97,0,0,output_crops\images\p048_q0353.png
48,0354,0,18.0,605.97,303.81,796.89,0,0,output_crops\images\p048_q0354.png
48,0355,1,319.81,189.09,605.62,452.63,0,0,output_crops\images\p048_q0355.png
48,0356,1,319.81,450.63,568.98,607.4,110,0,output_crops\images\p048_q0356.png
48,0357,1,319.81,605.4,569.98,796.89,107,0,output_crops\images\p048_q0357.png
49,0358,0,18.0,206.31,303.81,392.18,0,0,output_crops\images\p049_q0358.png
49,0359,0,18.0,390.18,303.81,596.77,0,0,output_crops\images\p049_q0359.png
49,0360,0,18.0,594.77,303.81,796.89,0,0,output_crops\images\p049_q0360.png
49,0361,1,319.81,73.83,605.62,243.27,0,0,output_crops\images\p049_q0361.png
49,0362,1,319.81,241.27,605.62,416.37,0,0,output_crops\images\p049_q0362.png
49,0363,1,319.81,414.37,605.62,617.11,0,0,output_crops\images\p049_q0363.png
49,0364,1,319.81,615.11,605.62,796.89,0,0,output_crops\images\p049_q0364.png
50,0365,0,18.0,202.35,303.81,420.68,0,0,output_crops\images\p050_q0365.png
50,0366,0,18.0,418.68,303.81,592.45,0,0,output_crops\images\p050_q0366.png
50,0367,0,18.0,590.45,303.81,796.89,0,0,output_crops\images\p050_q0367.png
50,0368,1,319.81,227.21,605.62,431.47,0,0,output_crops\images\p050_q0368.png
50,0369,1,319.81,429.47,570.65,599.61,105,0,output_crops\images\p050_q0369.png
50,0370,1,319.81,597.61,568.98,796.89,110,0,output_crops\images\p050_q0370.png
51,0371,0,18.0,204.19,303.81,414.15,0,0,output_crops\images\p051_q0371.png
51,0372,0,18.0,412.15,303.81,625.05,0,0,output_crops\images\p051_q0372.png
51,0373,0,18.0,623.05,303.81,796.89,0,0,output_crops\images\p051_q0373.png
51,0374,1,319.81,219.78,605.62,407.35,0,0,output_crops\images\p051_q0374.png
51,0375,1,319.81,405.35,605.62,527.96,0,0,output_crops\images\p051_q0375.png
51,0376,1,319.81,525.96,605.62,796.89,0,0,output_crops\images\p051_q0376.png
52,0377,0,18.0,73.83,303.81,301.35,0,0,output_crops\images\p052_q0377.png
52,0378,0,18.0,299.35,303.81,412.28,0,587,output_crops\images\p052_q0378.png
52,0379,0,18.0,605.82,303.81,796.89,0,0,output_crops\images\p052_q0379.png
52,0380,1,319.81,73.12,605.62,349.95,0,0,output_crops\images\p052_q0380.png
52,0381,1,319.81,347.95,569.65,625.05,108,0,output_crops\images\p052_q0381.png
52,0382,1,319.81,623.05,605.62,796.89,0,0,output_crops\images\p052_q0382.png
53,0394,0,18.0,223.61,303.81,468.79,0,0,output_crops\images\p053_q0394.png
53,0395,0,18.0,466.79,303.81,624.34,0,0,output_crops\images\p053_q0395.png
53,0396,0,18.0,622.34,303.81,796.89,0,0,output_crops\images\p053_q0396.png
53,0397,1,319.81,117.06,605.62,387.87,0,0,output_crops\images\p053_q0397.png
53,0398,1,319.81,385.87,569.65,571.47,108,0,output_crops\images\p053_q0398.png
53,0399,1,319.81,569.47,569.65,796.89,108,0,output_crops\images\p053_q0399.png
54,0400,0,18.0,306.87,303.81,571.9,0,0,output_crops\images\p054_q0400.png
54,0401,0,18.0,569.9,303.81,796.89,0,0,output_crops\images\p054_q0401.png
54,0402,1,319.81,74.54,605.62,207.4,0,687,output_crops\images\p054_q0402.png
54,0403,1,319.81,434.15,605.62,586.07,0,0,output_crops\images\p054_q0403.png
54,0404,1,319.81,584.07,605.62,796.89,0,0,output_crops\images\p054_q0404.png
55,0405,0,18.0,297.38,303.81,458.56,0,0,output_crops\images\p055_q0405.png
55,0406,0,18.0,456.56,303.81,600.31,0,0,output_crops\images\p055_q0406.png
55,0407,0,18.0,598.31,303.81,796.89,0,0,output_crops\images\p055_q0407.png
55,0408,1,319.81,72.77,605.62,399.51,0,0,output_crops\images\p055_q0408.png
55,0409,1,319.81,397.51,568.98,599.53,110,0,output_crops\images\p055_q0409.png
55,0410,1,319.81,597.53,570.65,796.89,105,0,output_crops\images\p055_q0410.png
56,0411,0,18.0,222.4,303.81,411.79,0,0,output_crops\images\p056_q0411.png
56,0412,0,18.0,409.79,303.81,618.7,0,0,output_crops\images\p056_q0412.png
56,0413,0,18.0,616.7,303.81,796.89,0,0,output_crops\images\p056_q0413.png
56,0414,1,319.81,74.54,605.62,387.08,0,0,output_crops\images\p056_q0414.png
56,0415,1,319.81,385.08,605.62,608.25,0,0,output_crops\images\p056_q0415.png
56,0416,1,319.81,606.25,605.62,796.89,0,0,output_crops\images\p056_q0416.png
57,0417,0,18.0,208.51,303.81,400.18,0,0,output_crops\images\p057_q0417.png
57,0418,0,18.0,398.18,303.81,606.81,0,0,output_crops\images\p057_q0418.png
57,0419,0,18.0,604.81,303.81,796.89,0,0,output_crops\images\p057_q0419.png
57,0420,1,319.81,74.54,605.62,174.13,0,674,output_crops\images\p057_q0420.png
57,0421,1,319.81,396.61,568.31,608.07,112,0,output_crops\images\p057_q0421.png
57,0422,1,319.81,606.07,605.62,796.89,0,0,output_crops\images\p057_q0422.png
58,0423,0,18.0,74.54,303.81,306.9,0,0,output_crops\images\p058_q0423.png
58,0424,0,18.0,304.9,303.81,590.96,0,0,output_crops\images\p058_q0424.png
58,0425,0,18.0,588.96,303.81,796.89,0,0,output_crops\images\p058_q0425.png
58,0426,1,319.81,238.13,605.62,415.88,0,0,output_crops\images\p058_q0426.png
58,0427,1,319.81,413.88,605.62,590.99,0,0,output_crops\images\p058_q0427.png
58,0428,1,319.81,588.99,605.62,796.89,0,0,output_crops\images\p058_q0428.png
59,0429,0,18.0,73.83,303.81,333.2,0,0,output_crops\images\p059_q0429.png
59,0430,0,18.0,331.2,303.81,607.33,0,0,output_crops\images\p059_q0430.png
59,0431,0,18.0,605.33,303.81,796.89,0,0,output_crops\images\p059_q0431.png
59,0432,1,319.81,234.5,605.62,422.01,0,0,output_crops\images\p059_q0432.png
59,0433,1,319.81,420.01,568.65,607.95,111,0,output_crops\images\p059_q0433.png
59,0434,1,319.81,605.95,568.98,796.89,110,0,output_crops\images\p059_q0434.png
60,0435,0,18.0,234.0,303.81,422.34,0,0,output_crops\images\p060_q0435.png
60,0436,0,18.0,420.34,303.81,608.04,0,0,output_crops\images\p060_q0436.png
60,0437,0,18.0,606.04,303.81,796.89,0,0,output_crops\images\p060_q0437.png
60,0438,1,319.81,74.54,605.62,342.41,0,0,output_crops\images\p060_q0438.png
60,0439,1,319.81,340.41,605.62,608.04,0,0,output_crops\images\p060_q0439.png
60,0440,1,319.81,606.04,605.62,796.89,0,0,output_crops\images\p060_q0440.png
61,0441,0,18.0,115.5,303.81,354.12,0,0,output_crops\images\p061_q0441.png
61,0442,0,18.0,352.12,303.81,608.04,0,0,output_crops\images\p061_q0442.png
61,0443,0,18.0,606.04,303.81,796.89,0,0,output_crops\images\p061_q0443.png
61,0444,1,319.81,116.28,605.62,341.42,0,0,output_crops\images\p061_q0444.png
61,0445,1,319.81,339.42,568.98,600.95,110,0,output_crops\images\p061_q0445.png
61,0446,1,319.81,598.95,569.65,796.89,108,0,output_crops\images\p061_q0446.png
62,0447,0,18.0,73.12,303.81,367.96,0,0,output_crops\images\p062_q0447.png
62,0448,0,18.0,365.96,303.81,591.03,0,0,output_crops\images\p062_q0448.png
62,0449,0,18.0,589.03,303.81,796.89,0,0,output_crops\images\p062_q0449.png
62,0450,1,319.81,74.54,605.62,279.63,0,0,output_crops\images\p062_q0450.png
62,0451,1,319.81,277.63,605.62,609.53,0,0,output_crops\images\p062_q0451.png
62,0452,1,319.81,607.53,605.62,796.89,0,0,output_crops\images\p062_q0452.png
63,0453,0,18.0,74.54,303.81,308.32,0,0,output_crops\images\p063_q0453.png
63,0454,0,18.0,306.32,303.81,503.39,0,0,output_crops\images\p063_q0454.png
63,0455,0,18.0,501.39,303.81,796.89,0,0,output_crops\images\p063_q0455.png
63,0456,1,319.81,74.54,605.62,342.43,0,0,output_crops\images\p063_q0456.png
63,0457,1,319.81,340.43,568.98,554.46,110,0,output_crops\images\p063_q0457.png
63,0458,1,319.81,552.46,568.98,796.89,110,0,output_crops\images\p063_q0458.png
64,0472,0,18.0,250.97,303.81,501.67,0,0,output_crops\images\p064_q0472.png
64,0473,0,18.0,499.67,303.81,796.89,0,0,output_crops\images\p064_q0473.png
64,0474,1,319.81,340.61,605.62,468.86,0,0,output_crops\images\p064_q0474.png
64,0475,1,319.81,466.86,605.62,616.19,0,0,output_crops\images\p064_q0475.png
64,0476,1,319.81,614.19,605.62,796.89,0,0,output_crops\images\p064_q0476.png
65,0477,0,18.0,291.99,303.81,536.61,0,0,output_crops\images\p065_q0477.png
65,0478,0,18.0,534.61,303.81,796.89,0,0,output_crops\images\p065_q0478.png
65,0479,1,319.81,74.54,605.62,275.13,0,0,output_crops\images\p065_q0479.png
65,0480,1,319.81,273.13,605.62,575.01,0,0,output_crops\images\p065_q0480.png
65,0481,1,319.81,573.01,605.62,796.89,0,0,output_crops\images\p065_q0481.png
66,0482,0,18.0,337.74,303.81,521.58,0,0,output_crops\images\p066_q0482.png
66,0483,0,18.0,519.58,303.81,796.89,0,0,output_crops\images\p066_q0483.png
66,0484,1,319.81,74.54,605.62,406.6,0,0,output_crops\images\p066_q0484.png
66,0485,1,319.81,404.6,605.62,607.75,0,0,output_crops\images\p066_q0485.png
66,0486,1,319.81,605.75,605.62,796.89,0,0,output_crops\images\p066_q0486.png
67,0487,0,18.0,206.31,303.81,526.07,0,0,output_crops\images\p067_q0487.png
67,0488,0,18.0,524.07,303.81,796.89,0,0,output_crops\images\p067_q0488.png
67,0489,1,319.81,74.54,605.62,298.05,0,705,output_crops\images\p067_q0489.png
67,0490,1,319.81,530.88,605.62,796.89,0,0,output_crops\images\p067_q0490.png
68,0491,0,18.0,74.54,303.81,349.76,0,838,output_crops\images\p068_q0491.png
68,0492,0,18.0,626.98,303.81,796.89,0,0,output_crops\images\p068_q0492.png
68,0493,1,319.81,74.54,605.62,230.59,0,0,output_crops\images\p068_q0493.png
68,0494,1,319.81,228.59,605.62,397.46,0,0,output_crops\images\p068_q0494.png
68,0495,1,319.81,395.46,605.62,617.96,0,0,output_crops\images\p068_q0495.png
68,0496,1,319.81,615.96,605.62,796.89,0,0,output_crops\images\p068_q0496.png
69,0497,0,18.0,74.54,303.81,171.41,0,831,output_crops\images\p069_q0497.png
69,0498,0,18.0,446.05,303.81,608.04,0,0,output_crops\images\p069_q0498.png
69,0499,0,18.0,606.04,303.81,796.89,0,0,output_crops\images\p069_q0499.png
69,0500,1,319.81,74.54,605.62,369.84,0,0,output_crops\images\p069_q0500.png
69,0501,1,319.81,367.84,605.62,605.91,0,0,output_crops\images\p069_q0501.png
69,0502,1,319.81,603.91,569.31,796.89,109,0,output_crops\images\p069_q0502.png
70,0503,0,18.0,236.01,303.81,391.75,0,0,output_crops\images\p070_q0503.png
70,0504,0,18.0,389.75,303.81,560.7,0,0,output_crops\images\p070_q0504.png
70,0505,0,18.0,558.7,303.81,796.89,0,0,output_crops\images\p070_q0505.png
70,0506,1,319.81,271.79,605.62,441.29,0,0,output_crops\images\p070_q0506.png
70,0507,1,319.81,439.29,605.62,608.04,0,0,output_crops\images\p070_q0507.png
70,0508,1,319.81,606.04,605.62,796.89,0,0,output_crops\images\p070_q0508.png
71,0509,0,18.0,73.98,303.81,314.67,0,0,output_crops\images\p071_q0509.png
71,0510,0,18.0,312.67,303.81,554.18,0,0,output_crops\images\p071_q0510.png
71,0511,0,18.0,552.18,303.81,796.89,0,0,output_crops\images\p071_q0511.png
71,0512,1,319.81,73.98,605.62,331.89,0,0,output_crops\images\p071_q0512.png
71,0513,1,319.81,329.89,605.62,587.81,0,0,output_crops\images\p071_q0513.png
71,0514,1,319.81,585.81,568.98,796.89,110,0,output_crops\images\p071_q0514.png
72,0515,0,18.0,251.03,303.81,412.04,0,0,output_crops\images\p072_q0515.png
72,0516,0,18.0,410.04,303.81,608.04,0,0,output_crops\images\p072_q0516.png
72,0517,0,18.0,606.04,303.81,796.89,0,0,output_crops\images\p072_q0517.png
72,0518,1,319.81,74.54,605.62,334.29,0,0,output_crops\images\p072_q0518.png
72,0519,1,319.81,332.29,605.62,591.27,0,0,output_crops\images\p072_q0519.png
72,0520,1,319.81,589.27,605.62,796.89,0,0,output_crops\images\p072_q0520.png
73,0521,0,18.0,271.2,303.81,436.44,0,0,output_crops\images\p073_q0521.png
73,0522,0,18.0,434.44,303.81,619.45,0,0,output_crops\images\p073_q0522.png
73,0523,0,18.0,617.45,303.81,796.89,0,0,output_crops\images\p073_q0523.png
73,0524,1,319.81,74.54,605.62,392.75,0,0,output_crops\images\p073_q0524.png
73,0525,1,319.81,390.75,605.62,602.79,0,0,output_crops\images\p073_q0525.png
73,0526,1,319.81,600.79,569.65,796.89,108,0,output_crops\images\p073_q0526.png
74,0527,0,18.0,210.28,303.81,421.55,0,0,output_crops\images\p074_q0527.png
74,0528,0,18.0,419.55,303.81,608.31,0,0,output_crops\images\p074_q0528.png
74,0529,0,18.0,606.31,303.81,796.89,0,0,output_crops\images\p074_q0529.png
74,0530,1,319.81,166.49,605.62,389.57,0,0,output_crops\images\p074_q0530.png
74,0531,1,319.81,387.57,605.62,591.46,0,0,output_crops\images\p074_q0531.png
74,0532,1,319.81,589.46,605.62,796.89,0,0,output_crops\images\p074_q0532.png
75,0533,0,18.0,116.92,303.81,298.97,0,0,output_crops\images\p075_q0533.png
75,0534,0,18.0,296.97,303.81,562.49,0,0,output_crops\images\p075_q0534.png
75,0535,0,18.0,560.49,303.81,796.89,0,0,output_crops\images\p075_q0535.png
75,0536,1,319.81,116.49,605.62,489.91,0,0,output_crops\images\p075_q0536.png
75,0537,1,319.81,487.91,605.62,796.89,0,0,output_crops\images\p075_q0537.png
76,0538,0,18.0,74.97,303.81,297.86,0,0,output_crops\images\p076_q0538.png
76,0539,0,18.0,295.86,303.81,586.99,0,0,output_crops\images\p076_q0539.png
76,0540,0,18.0,584.99,303.81,796.89,0,0,output_crops\images\p076_q0540.png
76,0541,1,319.81,74.97,605.62,230.15,0,0,output_crops\images\p076_q0541.png
76,0542,1,319.81,228.15,605.62,400.5,0,0,output_crops\images\p076_q0542.png
76,0543,1,319.81,398.5,605.62,625.12,0,0,output_crops\images\p076_q0543.png
76,0544,1,319.81,623.12,605.62,796.89,0,0,output_crops\images\p076_q0544.png
77,0545,0,18.0,74.54,303.81,265.31,0,0,output_crops\images\p077_q0545.png
77,0546,0,18.0,263.31,303.81,591.25,0,0,output_crops\images\p077_q0546.png
77,0547,0,18.0,589.25,303.81,796.89,0,0,output_crops\images\p077_q0547.png
77,0548,1,319.81,74.97,605.62,346.96,0,0,output_crops\images\p077_q0548.png
77,0549,1,319.81,344.96,569.65,796.89,108,0,output_crops\images\p077_q0549.png
78,0567,0,18.0,286.18,303.81,439.86,0,0,output_crops\images\p078_q0567.png
78,0568,0,18.0,437.86,303.81,609.17,0,0,output_crops\images\p078_q0568.png
78,0569,0,18.0,607.17,303.81,796.89,0,0,output_crops\images\p078_q0569.png
78,0570,1,319.81,117.06,605.62,268.26,0,0,output_crops\images\p078_q0570.png
78,0571,1,319.81,266.26,605.62,423.93,0,0,output_crops\images\p078_q0571.png
78,0572,1,319.81,421.93,605.62,590.04,0,0,output_crops\images\p078_q0572.png
78,0573,1,319.81,588.04,605.62,796.89,0,0,output_crops\images\p078_q0573.png
79,0574,0,18.0,319.06,303.81,479.13,0,0,output_crops\images\p079_q0574.png
79,0575,0,18.0,477.13,303.81,615.12,0,0,output_crops\images\p079_q0575.png
79,0576,0,18.0,613.12,303.81,796.89,0,0,output_crops\images\p079_q0576.png
79,0577,1,319.81,305.67,605.62,456.88,0,0,output_crops\images\p079_q0577.png
79,0578,1,319.81,454.88,605.62,611.58,0,0,output_crops\images\p079_q0578.png
79,0579,1,319.81,609.58,605.62,796.89,0,0,output_crops\images\p079_q0579.png
80,0580,0,18.0,298.01,303.81,613.0,0,0,output_crops\images\p080_q0580.png
80,0581,0,18.0,611.0,303.81,796.89,0,0,output_crops\images\p080_q0581.png
80,0582,1,319.81,73.12,605.62,240.64,0,678,output_crops\images\p080_q0582.png
80,0583,1,319.81,464.44,605.62,634.97,0,0,output_crops\images\p080_q0583.png
80,0584,1,319.81,632.97,605.62,796.89,0,0,output_crops\images\p080_q0584.png
81,0585,0,18.0,74.54,303.81,187.11,0,708,output_crops\images\p081_q0585.png
81,0586,0,18.0,420.91,303.81,614.56,0,0,output_crops\images\p081_q0586.png
81,0587,0,18.0,612.56,303.81,796.89,0,0,output_crops\images\p081_q0587.png
81,0588,1,319.81,74.54,569.65,246.01,108,0,output_crops\images\p081_q0588.png
81,0589,1,319.81,244.01,605.62,431.63,0,0,output_crops\images\p081_q0589.png
81,0590,1,319.81,429.63,605.62,591.36,0,0,output_crops\images\p081_q0590.png
81,0591,1,319.81,589.36,605.62,796.89,0,0,output_crops\images\p081_q0591.png
82,0592,0,18.0,267.19,303.81,439.09,0,0,output_crops\images\p082_q0592.png
82,0593,0,18.0,437.09,303.81,608.32,0,0,output_crops\images\p082_q0593.png
82,0594,0,18.0,606.32,303.81,796.89,0,0,output_crops\images\p082_q0594.png
82,0595,1,319.81,73.12,605.62,329.18,0,0,output_crops\images\p082_q0595.png
82,0596,1,319.81,327.18,605.62,574.24,0,0,output_crops\images\p082_q0596.png
82,0597,1,319.81,572.24,605.62,796.89,0,0,output_crops\images\p082_q0597.png
83,0598,0,18.0,263.43,303.81,425.56,0,0,output_crops\images\p083_q0598.png
83,0599,0,18.0,423.56,303.81,574.02,0,0,output_crops\images\p083_q0599.png
83,0600,0,18.0,572.02,303.81,796.89,0,0,output_crops\images\p083_q0600.png
83,0601,1,319.81,246.28,605.62,400.6,0,0,output_crops\images\p083_q0601.png
83,0602,1,319.81,398.6,605.62,606.62,0,0,output_crops\images\p083_q0602.png
83,0603,1,319.81,604.62,605.62,796.89,0,0,output_crops\images\p083_q0603.png
84,0604,0,18.0,254.08,303.81,469.57,0,0,output_crops\images\p084_q0604.png
84,0605,0,18.0,467.57,303.81,796.89,0,0,output_crops\images\p084_q0605.png
84,0606,1,319.81,74.54,605.62,329.11,0,0,output_crops\images\p084_q0606.png
84,0607,1,319.81,327.11,605.62,598.68,0,0,output_crops\images\p084_q0607.png
84,0608,1,319.81,596.68,605.62,796.89,0,0,output_crops\images\p084_q0608.png
85,0609,0,18.0,204.76,303.81,402.23,0,0,output_crops\images\p085_q0609.png
85,0610,0,18.0,400.23,303.81,606.76,0,0,output_crops\images\p085_q0610.png
85,0611,0,18.0,604.76,303.81,796.89,0,0,output_crops\images\p085_q0611.png
85,0612,1,319.81,73.9,569.98,393.67,107,0,output_crops\images\p085_q0612.png
85,0613,1,319.81,391.67,605.62,589.61,0,0,output_crops\images\p085_q0613.png
85,0614,1,319.81,587.61,605.62,796.89,0,0,output_crops\images\p085_q0614.png
86,0615,0,18.0,221.2,303.81,399.62,0,0,output_crops\images\p086_q0615.png
86,0616,0,18.0,397.62,303.81,591.38,0,0,output_crops\images\p086_q0616.png
86,0617,0,18.0,589.38,303.81,796.89,0,0,output_crops\images\p086_q0617.png
86,0618,1,319.81,206.46,605.62,361.61,0,0,output_crops\images\p086_q0618.png
86,0619,1,319.81,359.61,605.62,634.97,0,0,output_crops\images\p086_q0619.png
86,0620,1,319.81,632.97,605.62,796.89,0,0,output_crops\images\p086_q0620.png
87,0621,0,18.0,74.54,303.81,403.8,0,0,output_crops\images\p087_q0621.png
87,0622,0,18.0,401.8,303.81,589.61,0,0,output_crops\images\p087_q0622.png
87,0623,0,18.0,587.61,303.81,796.89,0,0,output_crops\images\p087_q0623.png
87,0624,1,319.81,119.63,569.31,359.67,109,0,output_crops\images\p087_q0624.png
87,0625,1,319.81,357.67,605.62,606.9,0,0,output_crops\images\p087_q0625.png
87,0626,1,319.81,604.9,605.62,796.89,0,0,output_crops\images\p087_q0626.png
88,0627,0,18.0,250.39,303.81,421.94,0,0,output_crops\images\p088_q0627.png
88,0628,0,18.0,419.94,303.81,591.03,0,0,output_crops\images\p088_q0628.png
88,0629,0,18.0,589.03,303.81,796.89,0,0,output_crops\images\p088_q0629.png
88,0630,1,319.81,74.54,605.62,329.42,0,0,output_crops\images\p088_q0630.png
88,0631,1,319.81,327.42,605.62,591.13,0,0,output_crops\images\p088_q0631.png
88,0632,1,319.81,589.13,605.62,796.89,0,0,output_crops\images\p088_q0632.png
89,0633,0,18.0,226.79,303.81,423.48,0,0,output_crops\images\p089_q0633.png
89,0634,0,18.0,421.48,303.81,619.24,0,0,output_crops\images\p089_q0634.png
89,0635,0,18.0,617.24,303.81,796.89,0,0,output_crops\images\p089_q0635.png
89,0636,1,319.81,214.67,605.62,402.59,0,0,output_crops\images\p089_q0636.png
89,0637,1,319.81,400.59,605.62,589.05,0,0,output_crops\images\p089_q0637.png
89,0638,1,319.81,587.05,605.62,796.89,0,0,output_crops\images\p089_q0638.png
90,0646,0,18.0,283.42,303.81,433.65,0,0,output_crops\images\p090_q0646.png
90,0647,0,18.0,431.65,303.81,597.41,0,0,output_crops\images\p090_q0647.png
90,0648,0,18.0,595.41,303.81,796.89,0,0,output_crops\images\p090_q0648.png
90,0649,1,319.81,117.1,605.62,233.05,0,528,output_crops\images\p090_q0649.png
90,0650,1,319.81,406.98,605.62,609.6,0,0,output_crops\images\p090_q0650.png
90,0651,1,319.81,607.6,605.62,796.89,0,0,output_crops\images\p090_q0651.png
91,0652,0,18.0,289.93,303.81,453.89,0,0,output_crops\images\p091_q0652.png
91,0653,0,18.0,451.89,303.81,607.81,0,0,output_crops\images\p091_q0653.png
91,0654,0,18.0,605.81,303.81,796.89,0,0,output_crops\images\p091_q0654.png
91,0655,1,319.81,73.83,605.62,324.51,0,0,output_crops\images\p091_q0655.png
91,0656,1,319.81,322.51,605.62,606.59,0,0,output_crops\images\p091_q0656.png
91,0657,1,319.81,604.59,605.62,796.89,0,0,output_crops\images\p091_q0657.png
92,0658,0,18.0,265.91,303.81,435.99,0,0,output_crops\images\p092_q0658.png
92,0659,0,18.0,433.99,303.81,609.81,0,0,output_crops\images\p092_q0659.png
92,0660,0,18.0,607.81,303.81,796.89,0,0,output_crops\images\p092_q0660.png
92,0661,1,319.81,279.45,605.62,450.23,0,0,output_crops\images\p092_q0661.png
92,0662,1,319.81,448.23,605.62,624.44,0,0,output_crops\images\p092_q0662.png
92,0663,1,319.81,622.44,605.62,796.89,0,0,output_crops\images\p092_q0663.png
93,0664,0,18.0,235.79,303.81,421.49,0,0,output_crops\images\p093_q0664.png
93,0665,0,18.0,419.49,303.81,608.18,0,0,output_crops\images\p093_q0665.png
93,0666,0,18.0,606.18,303.81,796.89,0,0,output_crops\images\p093_q0666.png
93,0667,1,319.81,307.79,605.62,472.63,0,0,output_crops\images\p093_q0667.png
93,0668,1,319.81,470.63,605.62,636.38,0,0,output_crops\images\p093_q0668.png
93,0669,1,319.81,634.38,605.62,796.89,0,0,output_crops\images\p093_q0669.png
94,0670,0,18.0,73.12,303.81,343.99,0,0,output_crops\images\p094_q0670.png
94,0671,0,18.0,341.99,303.81,606.76,0,0,output_crops\images\p094_q0671.png
94,0672,0,18.0,604.76,303.81,796.89,0,0,output_crops\images\p094_q0672.png
94,0673,1,319.81,250.32,605.62,418.54,0,0,output_crops\images\p094_q0673.png
94,0674,1,319.81,416.54,605.62,608.18,0,0,output_crops\images\p094_q0674.png
94,0675,1,319.81,606.18,605.62,796.89,0,0,output_crops\images\p094_q0675.png
95,0676,0,18.0,74.54,303.81,299.49,0,0,output_crops\images\p095_q0676.png
95,0677,0,18.0,297.49,303.81,604.85,0,0,output_crops\images\p095_q0677.png
95,0678,0,18.0,602.85,303.81,796.89,0,0,output_crops\images\p095_q0678.png
95,0679,1,319.81,120.28,605.62,377.38,0,0,output_crops\images\p095_q0679.png
95,0680,1,319.81,375.38,605.62,599.39,0,0,output_crops\images\p095_q0680.png
95,0681,1,319.81,597.39,605.62,796.89,0,0,output_crops\images\p095_q0681.png
96,0682,0,18.0,115.5,303.81,335.31,0,0,output_crops\images\p096_q0682.png
96,0683,0,18.0,333.31,303.81,531.89,0,0,output_crops\images\p096_q0683.png
96,0684,0,18.0,529.89,303.81,796.89,0,0,output_crops\images\p096_q0684.png
96,0685,1,319.81,115.5,545.0,448.77,182,0,output_crops\images\p096_q0685.png
96,0686,1,319.81,446.77,605.62,619.55,0,0,output_crops\images\p096_q0686.png
96,0687,1,319.81,617.55,605.62,796.89,0,0,output_crops\images\p096_q0687.png
97,0688,0,18.0,73.62,303.81,321.92,0,0,output_crops\images\p097_q0688.png
97,0689,0,18.0,319.92,303.81,589.61,0,0,output_crops\images\p097_q0689.png
97,0690,0,18.0,587.61,303.81,796.89,0,0,output_crops\images\p097_q0690.png
97,0691,1,319.81,73.62,605.62,334.71,0,0,output_crops\images\p097_q0691.png
97,0692,1,319.81,332.71,605.62,586.0,0,0,output_crops\images\p097_q0692.png
97,0693,1,319.81,584.0,605.62,796.89,0,0,output_crops\images\p097_q0693.png
98,0694,0,18.0,73.83,303.81,254.64,0,0,output_crops\images\p098_q0694.png
98,0695,0,18.0,252.64,303.81,414.46,0,0,output_crops\images\p098_q0695.png
98,0696,0,18.0,412.46,303.81,571.29,0,0,output_crops\images\p098_q0696.png
98,0697,0,18.0,569.29,303.81,796.89,0,0,output_crops\images\p098_q0697.png
98,0698,1,319.81,73.83,569.31,323.51,109,0,output_crops\images\p098_q0698.png
98,0699,1,319.81,321.51,605.62,551.91,0,0,output_crops\images\p098_q0699.png
98,0700,1,319.81,549.91,605.62,796.89,0,0,output_crops\images\p098_q0700.png
99,0718,0,18.0,251.89,303.81,435.87,0,0,output_crops\images\p099_q0718.png
99,0719,0,18.0,433.87,303.81,608.51,0,0,output_crops\images\p099_q0719.png
99,0720,0,18.0,606.51,303.81,796.89,0,0,output_crops\images\p099_q0720.png
99,0721,1,319.81,266.41,605.62,426.51,0,0,output_crops\images\p099_q0721.png
99,0722,1,319.81,424.51,605.62,590.96,0,0,output_crops\images\p099_q0722.png
99,0723,1,319.81,588.96,605.62,796.89,0,0,output_crops\images\p099_q0723.png
100,0724,0,18.0,219.0,303.81,412.09,0,0,output_crops\images\p100_q0724.png
100,0725,0,18.0,410.09,303.81,605.27,0,0,output_crops\images\p100_q0725.png
100,0726,0,18.0,603.27,303.81,796.89,0,0,output_crops\images\p100_q0726.png
100,0727,1,319.81,228.07,568.65,423.93,111,0,output_crops\images\p100_q0727.png
100,0728,1,319.81,421.93,605.62,611.58,0,0,output_crops\images\p100_q0728.png
100,0729,1,319.81,609.58,605.62,796.89,0,0,output_crops\images\p100_q0729.png
101,0730,0,18.0,251.15,303.81,426.02,0,0,output_crops\images\p101_q0730.png
101,0731,0,18.0,424.02,303.81,625.3,0,0,output_crops\images\p101_q0731.png
101,0732,0,18.0,623.3,303.81,796.89,0,0,output_crops\images\p101_q0732.png
101,0733,1,319.81,74.54,605.62,246.68,0,0,output_crops\images\p101_q0733.png
101,0734,1,319.81,244.68,605.62,356.92,0,841,output_crops\images\p101_q0734.png
101,0735,1,319.81,635.02,605.62,796.89,0,0,output_crops\images\p101_q0735.png
102,0736,0,18.0,74.54,303.81,323.73,0,0,output_crops\images\p102_q0736.png
102,0737,0,18.0,321.73,303.81,552.59,0,0,output_crops\images\p102_q0737.png
102,0738,0,18.0,550.59,303.81,796.89,0,0,output_crops\images\p102_q0738.png
102,0739,1,319.81,270.59,567.98,432.5,113,0,output_crops\images\p102_q0739.png
102,0740,1,319.81,430.5,605.62,608.99,0,0,output_crops\images\p102_q0740.png
102,0741,1,319.81,606.99,605.62,796.89,0,0,output_crops\images\p102_q0741.png
103,0742,0,18.0,236.15,303.81,407.91,0,0,output_crops\images\p103_q0742.png
103,0743,0,18.0,405.91,303.81,582.03,0,0,output_crops\images\p103_q0743.png
103,0744,0,18.0,580.03,303.81,796.89,0,0,output_crops\images\p103_q0744.png
103,0745,1,319.81,272.22,605.62,436.54,0,0,output_crops\images\p103_q0745.png
103,0746,1,319.81,434.54,605.62,653.25,0,0,output_crops\images\p103_q0746.png
103,0747,1,319.81,651.25,605.62,796.89,0,0,output_crops\images\p103_q0747.png
104,0748,0,18.0,74.54,303.81,333.89,0,0,output_crops\images\p104_q0748.png
104,0749,0,18.0,331.89,303.81,608.46,0,0,output_crops\images\p104_q0749.png
104,0750,0,18.0,606.46,303.81,796.89,0,0,output_crops\images\p104_q0750.png
104,0751,1,319.81,189.87,568.98,443.97,110,0,output_crops\images\p104_q0751.png
104,0752,1,319.81,441.97,605.62,625.05,0,0,output_crops\images\p104_q0752.png
104,0753,1,319.81,623.05,605.62,796.89,0,0,output_crops\images\p104_q0753.png
105,0754,0,18.0,74.54,303.81,312.05,0,0,output_crops\images\p105_q0754.png
105,0755,0,18.0,310.05,303.81,574.49,0,0,output_crops\images\p105_q0755.png
105,0756,0,18.0,572.49,303.81,796.89,0,0,output_crops\images\p105_q0756.png
105,0757,1,319.81,205.04,605.62,393.53,0,0,output_crops\images\p105_q0757.png
105,0758,1,319.81,391.53,605.62,585.22,0,0,output_crops\images\p105_q0758.png
105,0759,1,319.81,583.22,605.62,796.89,0,0,output_crops\images\p105_q0759.png
106,0760,0,18.0,175.2,303.81,388.57,0,0,output_crops\images\p106_q0760.png
106,0761,0,18.0,386.57,303.81,591.25,0,0,output_crops\images\p106_q0761.png
106,0762,0,18.0,589.25,303.81,796.89,0,0,output_crops\images\p106_q0762.png
106,0763,1,319.81,174.78,569.65,349.02,108,0,output_crops\images\p106_q0763.png
106,0764,1,319.81,347.02,605.62,557.3,0,0,output_crops\images\p106_q0764.png
106,0765,1,319.81,555.3,605.62,796.89,0,0,output_crops\images\p106_q0765.png
107,0766,0,18.0,175.25,303.81,396.54,0,0,output_crops\images\p107_q0766.png
107,0767,0,18.0,394.54,303.81,591.03,0,0,output_crops\images\p107_q0767.png
107,0768,0,18.0,589.03,303.81,796.89,0,0,output_crops\images\p107_q0768.png
107,0769,1,319.81,175.74,605.62,387.82,0,0,output_crops\images\p107_q0769.png
107,0770,1,319.81,385.82,605.62,544.4,0,0,output_crops\images\p107_q0770.png
107,0771,1,319.81,542.4,605.62,796.89,0,0,output_crops\images\p107_q0771.png
108,0772,0,18.0,74.54,303.81,285.53,0,0,output_crops\images\p108_q0772.png
108,0773,0,18.0,283.53,303.81,379.32,0,347,output_crops\images\p108_q0773.png
108,0774,0,18.0,492.72,303.81,796.89,0,0,output_crops\images\p108_q0774.png
108,0775,1,319.81,226.72,569.65,418.66,108,0,output_crops\images\p108_q0775.png
108,0776,1,319.81,416.66,605.62,654.48,0,0,output_crops\images\p108_q0776.png
108,0777,1,319.81,652.48,605.62,796.89,0,0,output_crops\images\p108_q0777.png
109,0778,0,18.0,264.92,303.81,412.34,0,0,output_crops\images\p109_q0778.png
109,0779,0,18.0,410.34,303.81,554.25,0,0,output_crops\images\p109_q0779.png
109,0780,0,18.0,552.25,303.81,796.89,0,0,output_crops\images\p109_q0780.png
109,0781,1,319.81,218.29,605.62,405.72,0,0,output_crops\images\p109_q0781.png
109,0782,1,319.81,403.72,605.62,591.1,0,0,output_crops\images\p109_q0782.png
109,0783,1,319.81,589.1,605.62,796.89,0,0,output_crops\images\p109_q0783.png
110,0784,0,18.0,115.93,303.81,329.57,0,0,output_crops\images\p110_q0784.png
110,0785,0,18.0,327.57,303.81,584.37,0,0,output_crops\images\p110_q0785.png
110,0786,0,18.0,582.37,303.81,796.89,0,0,output_crops\images\p110_q0786.png
110,0787,1,319.81,115.93,569.31,334.68,109,0,output_crops\images\p110_q0787.png
110,0788,1,319.81,332.68,568.65,552.27,111,0,output_crops\images\p110_q0788.png
110,0789,1,319.81,550.27,605.62,796.89,0,0,output_crops\images\p110_q0789.png
111,0790,0,18.0,74.97,303.81,325.85,0,0,output_crops\images\p111_q0790.png
111,0791,0,18.0,323.85,303.81,589.52,0,0,output_crops\images\p111_q0791.png
111,0792,0,18.0,587.52,303.81,796.89,0,0,output_crops\images\p111_q0792.png
111,0793,1,319.81,74.97,605.62,345.7,0,0,output_crops\images\p111_q0793.png
111,0794,1,319.81,343.7,605.62,597.41,0,0,output_crops\images\p111_q0794.png
111,0795,1,319.81,595.41,605.62,796.89,0,0,output_crops\images\p111_q0795.png
112,0796,0,18.0,74.97,303.81,349.04,0,0,output_crops\images\p112_q0796.png
112,0797,0,18.0,347.04,303.81,630.05,0,0,output_crops\images\p112_q0797.png
112,0798,0,18.0,628.05,303.81,796.89,0,0,output_crops\images\p112_q0798.png
112,0799,1,319.81,74.97,605.62,353.12,0,0,output_crops\images\p112_q0799.png
112,0800,1,319.81,351.12,605.62,574.73,0,0,output_crops\images\p112_q0800.png
112,0801,1,319.81,572.73,605.62,796.89,0,0,output_crops\images\p112_q0801.png
113,0832,0,18.0,232.7,303.81,408.69,0,0,output_crops\images\p113_q0832.png
113,0833,0,18.0,406.69,303.81,608.04,0,0,output_crops\images\p113_q0833.png
113,0834,0,18.0,606.04,303.81,796.89,0,0,output_crops\images\p113_q0834.png
113,0835,1,319.81,311.34,605.62,459.95,0,0,output_crops\images\p113_q0835.png
113,0836,1,319.81,457.95,605.62,608.09,0,0,output_crops\images\p113_q0836.png
113,0837,1,319.81,606.09,605.62,796.89,0,0,output_crops\images\p113_q0837.png
114,0838,0,18.0,216.56,303.81,405.56,0,0,output_crops\images\p114_q0838.png
114,0839,0,18.0,403.56,303.81,592.07,0,0,output_crops\images\p114_q0839.png
114,0840,0,18.0,590.07,303.81,796.89,0,0,output_crops\images\p114_q0840.png
114,0841,1,319.81,74.54,569.65,170.43,108,690,output_crops\images\p114_q0841.png
114,0842,1,319.81,398.16,605.62,608.23,0,0,output_crops\images\p114_q0842.png
114,0843,1,319.81,606.23,605.62,796.89,0,0,output_crops\images\p114_q0843.png
115,0844,0,18.0,222.83,303.81,393.72,0,0,output_crops\images\p115_q0844.png
115,0845,0,18.0,391.72,303.81,579.44,0,0,output_crops\images\p115_q0845.png
115,0846,0,18.0,577.44,303.81,796.89,0,0,output_crops\images\p115_q0846.png
115,0847,1,319.81,74.54,605.62,273.36,0,0,output_crops\images\p115_q0847.png
115,0848,1,319.81,271.36,605.62,520.73,0,0,output_crops\images\p115_q0848.png
115,0849,1,319.81,518.73,605.62,796.89,0,0,output_crops\images\p115_q0849.png
116,0850,0,18.0,229.27,303.81,414.74,0,0,output_crops\images\p116_q0850.png
116,0851,0,18.0,412.74,303.81,602.65,0,0,output_crops\images\p116_q0851.png
116,0852,0,18.0,600.65,303.81,796.89,0,0,output_crops\images\p116_q0852.png
116,0853,1,319.81,237.25,569.31,383.51,109,0,output_crops\images\p116_q0853.png
116,0854,1,319.81,381.51,569.31,527.33,109,0,output_crops\images\p116_q0854.png
116,0855,1,319.81,525.33,605.62,796.89,0,0,output_crops\images\p116_q0855.png
117,0856,0,18.0,206.89,303.81,429.67,0,0,output_crops\images\p117_q0856.png
117,0857,0,18.0,427.67,303.81,659.16,0,0,output_crops\images\p117_q0857.png
117,0858,0,18.0,657.16,303.81,796.89,0,0,output_crops\images\p117_q0858.png
117,0859,1,319.81,252.3,605.62,456.69,0,0,output_crops\images\p117_q0859.png
117,0860,1,319.81,454.69,605.62,659.06,0,0,output_crops\images\p117_q0860.png
117,0861,1,319.81,657.06,605.62,796.89,0,0,output_crops\images\p117_q0861.png
118,0862,0,18.0,252.24,303.81,386.92,0,0,output_crops\images\p118_q0862.png
118,0863,0,18.0,384.92,303.81,570.12,0,0,output_crops\images\p118_q0863.png
118,0864,0,18.0,568.12,303.81,796.89,0,0,output_crops\images\p118_q0864.png
118,0865,1,319.81,77.38,605.62,327.58,0,0,output_crops\images\p118_q0865.png
118,0866,1,319.81,325.58,569.31,608.37,109,0,output_crops\images\p118_q0866.png
118,0867,1,319.81,606.37,605.62,796.89,0,0,output_crops\images\p118_q0867.png
119,0868,0,18.0,227.19,303.81,408.74,0,0,output_crops\images\p119_q0868.png
119,0869,0,18.0,406.74,303.81,571.54,0,0,output_crops\images\p119_q0869.png
119,0870,0,18.0,569.54,303.81,796.89,0,0,output_crops\images\p119_q0870.png
119,0871,1,319.81,191.22,605.62,397.81,0,0,output_crops\images\p119_q0871.png
119,0872,1,319.81,395.81,605.62,591.37,0,0,output_crops\images\p119_q0872.png
119,0873,1,319.81,589.37,605.62,796.89,0,0,output_crops\images\p119_q0873.png
120,0874,0,18.0,198.28,303.81,395.96,0,0,output_crops\images\p120_q0874.png
120,0875,0,18.0,393.96,303.81,591.08,0,0,output_crops\images\p120_q0875.png
120,0876,0,18.0,589.08,303.81,796.89,0,0,output_crops\images\p120_q0876.png
120,0877,1,319.81,203.79,569.31,394.7,109,0,output_crops\images\p120_q0877.png
120,0878,1,319.81,392.7,569.31,590.6,109,0,output_crops\images\p120_q0878.png
120,0879,1,319.81,588.6,605.62,796.89,0,0,output_crops\images\p120_q0879.png
121,0880,0,18.0,204.49,303.81,403.72,0,0,output_crops\images\p121_q0880.png
121,0881,0,18.0,401.72,303.81,600.53,0,0,output_crops\images\p121_q0881.png
121,0882,0,18.0,598.53,303.81,796.89,0,0,output_crops\images\p121_q0882.png
121,0883,1,319.81,364.35,605.62,504.33,0,0,output_crops\images\p121_q0883.png
121,0884,1,319.81,502.33,605.62,653.11,0,0,output_crops\images\p121_q0884.png
121,0885,1,319.81,651.11,605.62,796.89,0,0,output_crops\images\p121_q0885.png
122,0886,0,18.0,116.07,303.81,334.46,0,0,output_crops\images\p122_q0886.png
122,0887,0,18.0,332.46,303.81,589.05,0,0,output_crops\images\p122_q0887.png
122,0888,0,18.0,587.05,303.81,796.89,0,0,output_crops\images\p122_q0888.png
122,0889,1,319.81,116.07,605.62,299.6,0,0,output_crops\images\p122_q0889.png
122,0890,1,319.81,297.6,569.65,574.88,108,0,output_crops\images\p122_q0890.png
122,0891,1,319.81,572.88,605.62,796.89,0,0,output_crops\images\p122_q0891.png
123,0892,0,18.0,74.97,303.81,342.82,0,0,output_crops\images\p123_q0892.png
123,0893,0,18.0,340.82,303.81,591.8,0,0,output_crops\images\p123_q0893.png
123,0894,0,18.0,589.8,303.81,796.89,0,0,output_crops\images\p123_q0894.png
123,0895,1,319.81,74.97,605.62,227.66,0,0,output_crops\images\p123_q0895.png
123,0896,1,319.81,225.66,605.62,383.41,0,0,output_crops\images\p123_q0896.png
123,0897,1,319.81,381.41,605.62,560.35,0,0,output_crops\images\p123_q0897.png
123,0898,1,319.81,558.35,605.62,796.89,0,0,output_crops\images\p123_q0898.png
124,0899,0,18.0,74.54,303.81,332.75,0,0,output_crops\images\p124_q0899.png
124,0900,0,18.0,330.75,303.81,571.72,0,0,output_crops\images\p124_q0900.png
124,0901,0,18.0,569.72,303.81,796.89,0,0,output_crops\images\p124_q0901.png
124,0902,1,319.81,74.97,605.62,272.41,0,0,output_crops\images\p124_q0902.png
124,0903,1,319.81,270.41,569.31,448.11,109,0,output_crops\images\p124_q0903.png
124,0904,1,319.81,446.11,567.98,607.33,113,0,output_crops\images\p124_q0904.png
124,0905,1,319.81,605.33,605.62,796.89,0,0,output_crops\images\p124_q0905.png
125,0923,0,18.0,193.63,303.81,376.49,0,0,output_crops\images\p125_q0923.png
125,0924,0,18.0,374.49,303.81,536.97,0,0,output_crops\images\p125_q0924.png
125,0925,0,18.0,534.97,303.81,796.89,0,0,output_crops\images\p125_q0925.png
125,0926,1,319.81,220.63,605.62,441.22,0,0,output_crops\images\p125_q0926.png
125,0927,1,319.81,439.22,605.62,659.37,0,0,output_crops\images\p125_q0927.png
125,0928,1,319.81,657.37,605.62,796.89,0,0,output_crops\images\p125_q0928.png
126,0929,0,18.0,166.06,303.81,369.03,0,0,output_crops\images\p126_q0929.png
126,0930,0,18.0,367.03,303.81,538.64,0,0,output_crops\images\p126_q0930.png
126,1000,0,18.0,536.64,303.81,625.23,0,0,output_crops\images\p126_q1000.png
126,0931,0,18.0,623.23,303.81,796.89,0,0,output_crops\images\p126_q0931.png
126,0932,1,319.81,177.9,605.62,327.98,0,0,output_crops\images\p126_q0932.png
126,0933,1,319.81,325.98,569.31,608.32,109,0,output_crops\images\p126_q0933.png
126,0934,1,319.81,606.32,569.65,796.89,108,0,output_crops\images\p126_q0934.png
127,0935,0,18.0,265.63,303.81,437.8,0,0,output_crops\images\p127_q0935.png
127,0936,0,18.0,435.8,303.81,641.49,0,0,output_crops\images\p127_q0936.png
127,0937,0,18.0,639.49,303.81,796.89,0,0,output_crops\images\p127_q0937.png
127,0938,1,319.81,215.31,605.62,364.06,0,0,output_crops\images\p127_q0938.png
127,0939,1,319.81,362.06,605.62,512.75,0,0,output_crops\images\p127_q0939.png
127,0940,1,319.81,510.75,605.62,659.16,0,0,output_crops\images\p127_q0940.png
127,0941,1,319.81,657.16,605.62,796.89,0,0,output_crops\images\p127_q0941.png
128,0942,0,18.0,175.63,303.81,426.02,0,0,output_crops\images\p128_q0942.png
128,0943,0,18.0,424.02,303.81,642.52,0,0,output_crops\images\p128_q0943.png
128,0944,0,18.0,640.52,303.81,796.89,0,0,output_crops\images\p128_q0944.png
128,0945,1,319.81,73.12,569.65,260.99,108,962,output_crops\images\p128_q0945.png
128,0946,1,319.81,579.42,569.31,796.89,109,0,output_crops\images\p128_q0946.png
129,0947,0,18.0,73.12,303.81,330.86,0,0,output_crops\images\p129_q0947.png
129,0948,0,18.0,328.86,303.81,553.69,0,0,output_crops\images\p129_q0948.png
129,0949,0,18.0,551.69,303.81,796.89,0,0,output_crops\images\p129_q0949.png
129,0950,1,319.81,198.24,605.62,353.03,0,0,output_crops\images\p129_q0950.png
129,0951,1,319.81,351.03,605.62,506.08,0,0,output_crops\images\p129_q0951.png
129,0952,1,319.81,504.08,605.62,659.05,0,0,output_crops\images\p129_q0952.png
129,0953,1,319.81,657.05,605.62,796.89,0,0,output_crops\images\p129_q0953.png
130,0954,0,18.0,161.81,303.81,367.6,0,0,output_crops\images\p130_q0954.png
130,0955,0,18.0,365.6,303.81,591.03,0,0,output_crops\images\p130_q0955.png
130,0956,0,18.0,589.03,303.81,796.89,0,0,output_crops\images\p130_q0956.png
130,0957,1,319.81,235.65,605.62,348.11,0,0,output_crops\images\p130_q0957.png
130,0958,1,319.81,346.11,605.62,547.26,0,0,output_crops\images\p130_q0958.png
130,0959,1,319.81,545.26,569.65,658.53,108,0,output_crops\images\p130_q0959.png
130,0960,1,319.81,656.53,605.62,796.89,0,0,output_crops\images\p130_q0960.png
131,0961,0,18.0,188.46,303.81,414.76,0,0,output_crops\images\p131_q0961.png
131,0962,0,18.0,412.76,303.81,607.61,0,0,output_crops\images\p131_q0962.png
131,0963,0,18.0,605.61,303.81,796.89,0,0,output_crops\images\p131_q0963.png
131,0964,1,319.81,210.14,605.62,355.28,0,0,output_crops\images\p131_q0964.png
131,0965,1,319.81,353.28,605.62,498.68,0,0,output_crops\images\p131_q0965.png
131,0966,1,319.81,496.68,605.62,642.08,0,0,output_crops\images\p131_q0966.png
131,0967,1,319.81,640.08,605.62,796.89,0,0,output_crops\images\p131_q0967.png
132,0978,0,18.0,217.09,303.81,420.09,0,0,output_crops\images\p132_q0978.png
132,0979,0,18.0,418.09,303.81,604.47,0,0,output_crops\images\p132_q0979.png
132,0980,0,18.0,602.47,303.81,796.89,0,0,output_crops\images\p132_q0980.png
132,0981,1,319.81,247.13,605.62,481.96,0,0,output_crops\images\p132_q0981.png
132,0982,1,319.81,479.96,605.62,658.78,0,0,output_crops\images\p132_q0982.png
132,0983,1,319.81,656.78,605.62,796.89,0,0,output_crops\images\p132_q0983.png
133,0984,0,18.0,235.34,303.81,377.82,0,0,output_crops\images\p133_q0984.png
133,0985,0,18.0,375.82,303.81,518.48,0,0,output_crops\images\p133_q0985.png
133,0986,0,18.0,516.48,303.81,642.02,0,0,output_crops\images\p133_q0986.png
133,0987,0,18.0,640.02,303.81,796.89,0,0,output_crops\images\p133_q0987.png
133,0988,1,319.81,242.6,605.62,406.81,0,0,output_crops\images\p133_q0988.png
133,0989,1,319.81,404.81,569.65,569.19,108,0,output_crops\images\p133_q0989.png
133,0990,1,319.81,567.19,568.31,796.89,112,0,output_crops\images\p133_q0990.png
134,0991,0,18.0,211.56,303.81,465.46,0,0,output_crops\images\p134_q0991.png
134,0992,0,18.0,463.46,303.81,796.89,0,0,output_crops\images\p134_q0992.png
134,0993,1,319.81,73.12,605.62,203.0,0,744,output_crops\images\p134_q0993.png
134,0994,1,319.81,448.77,605.62,641.88,0,0,output_crops\images\p134_q0994.png
134,0995,1,319.81,639.88,605.62,796.89,0,0,output_crops\images\p134_q0995.png
135,0996,0,18.0,73.83,303.81,264.55,0,0,output_crops\images\p135_q0996.png
135,0997,0,18.0,262.55,303.81,341.13,0,862,output_crops\images\p135_q0997.png
135,0998,0,18.0,626.17,303.81,796.89,0,0,output_crops\images\p135_q0998.png
135,0999,1,319.81,73.83,605.62,270.14,0,0,output_crops\images\p135_q0999.png
135,1000,1,319.81,268.14,605.62,447.39,0,0,output_crops\images\p135_q1000.png
135,1001,1,319.81,445.39,569.65,641.7,108,0,output_crops\images\p135_q1001.png
135,1002,1,319.81,639.7,605.62,796.89,0,0,output_crops\images\p135_q1002.png
136,1003,0,18.0,235.93,303.81,412.71,0,0,output_crops\images\p136_q1003.png
136,1004,0,18.0,410.71,303.81,642.09,0,0,output_crops\images\p136_q1004.png
136,1005,0,18.0,640.09,303.81,796.89,0,0,output_crops\images\p136_q1005.png
136,1006,1,319.81,73.69,605.62,213.82,0,0,output_crops\images\p136_q1006.png
136,1007,1,319.81,211.82,605.62,273.78,0,742,output_crops\images\p136_q1007.png
136,1008,1,319.81,518.93,605.62,658.83,0,0,output_crops\images\p136_q1008.png
136,1009,1,319.81,656.83,605.62,796.89,0,0,output_crops\images\p136_q1009.png
137,1010,0,18.0,73.83,303.81,152.42,0,599,output_crops\images\p137_q1010.png
137,1011,0,18.0,349.9,303.81,488.65,0,0,output_crops\images\p137_q1011.png
137,1012,0,18.0,486.65,303.81,642.12,0,0,output_crops\images\p137_q1012.png
137,1013,0,18.0,640.12,303.81,796.89,0,0,output_crops\images\p137_q1013.png
137,1014,1,319.81,243.52,605.62,422.49,0,0,output_crops\images\p137_q1014.png
137,1015,1,319.81,420.49,569.31,603.41,109,0,output_crops\images\p137_q1015.png
137,1016,1,319.81,601.41,569.31,796.89,109,0,output_crops\images\p137_q1016.png
138,1017,0,18.0,166.7,303.81,413.78,0,0,output_crops\images\p138_q1017.png
138,1018,0,18.0,411.78,303.81,659.09,0,0,output_crops\images\p138_q1018.png
138,1019,0,18.0,657.09,303.81,796.89,0,0,output_crops\images\p138_q1019.png
138,1020,1,319.81,166.63,605.62,396.72,0,0,output_crops\images\p138_q1020.png
138,1021,1,319.81,394.72,605.62,625.33,0,0,output_crops\images\p138_q1021.png
138,1022,1,319.81,623.33,605.62,796.89,0,0,output_crops\images\p138_q1022.png
139,1023,0,18.0,116.49,303.81,298.7,0,0,output_crops\images\p139_q1023.png
139,1024,0,18.0,296.7,303.81,461.11,0,0,output_crops\images\p139_q1024.png
139,1025,0,18.0,459.11,303.81,796.89,0,0,output_crops\images\p139_q1025.png
139,1026,1,319.81,116.92,605.62,289.75,0,0,output_crops\images\p139_q1026.png
139,1027,1,319.81,287.75,605.62,480.77,0,0,output_crops\images\p139_q1027.png
139,1028,1,319.81,478.77,569.65,796.89,108,0,output_crops\images\p139_q1028.png
140,1029,0,18.0,74.97,303.81,252.85,0,0,output_crops\images\p140_q1029.png
140,1030,0,18.0,250.85,303.81,441.84,0,0,output_crops\images\p140_q1030.png
140,1031,0,18.0,439.84,303.81,594.15,0,0,output_crops\images\p140_q1031.png
140,1032,0,18.0,592.15,303.81,796.89,0,0,output_crops\images\p140_q1032.png
140,1033,1,319.81,74.97,605.62,325.38,0,0,output_crops\images\p140_q1033.png
140,1034,1,319.81,323.38,605.62,591.0,0,0,output_crops\images\p140_q1034.png
140,1035,1,319.81,589.0,605.62,796.89,0,0,output_crops\images\p140_q1035.png
141,1036,0,18.0,74.97,303.81,259.11,0,0,output_crops\images\p141_q1036.png
141,1037,0,18.0,257.11,303.81,440.72,0,0,output_crops\images\p141_q1037.png
141,1038,0,18.0,438.72,303.81,642.48,0,0,output_crops\images\p141_q1038.png
141,1039,0,18.0,640.48,303.81,796.89,0,0,output_crops\images\p141_q1039.png
141,1040,1,319.81,74.97,605.62,309.52,0,0,output_crops\images\p141_q1040.png
141,1041,1,319.81,307.52,605.62,369.1,0,470,output_crops\images\p141_q1041.png
141,1042,1,319.81,523.55,569.65,796.89,108,0,output_crops\images\p141_q1042.png
142,1053,0,18.0,245.57,303.81,388.92,0,0,output_crops\images\p142_q1053.png
142,1054,0,18.0,386.92,303.81,642.05,0,0,output_crops\images\p142_q1054.png
142,1055,0,18.0,640.05,303.81,796.89,0,0,output_crops\images\p142_q1055.png
142,1056,1,319.81,115.64,605.62,203.54,0,759,output_crops\images\p142_q1056.png
142,1057,1,319.81,454.24,605.62,608.25,0,0,output_crops\images\p142_q1057.png
142,1058,1,319.81,606.25,569.65,796.89,108,0,output_crops\images\p142_q1058.png
143,1059,0,18.0,73.41,303.81,251.29,0,0,output_crops\images\p143_q1059.png
143,1060,0,18.0,249.29,303.81,410.6,0,0,output_crops\images\p143_q1060.png
143,1061,0,18.0,408.6,303.81,570.05,0,0,output_crops\images\p143_q1061.png
143,1062,0,18.0,568.05,303.81,796.89,0,0,output_crops\images\p143_q1062.png
143,1063,1,319.81,166.27,605.62,320.45,0,0,output_crops\images\p143_q1063.png
143,1064,1,319.81,318.45,605.62,455.62,0,0,output_crops\images\p143_q1064.png
143,1065,1,319.81,453.62,605.62,641.91,0,0,output_crops\images\p143_q1065.png
143,1066,1,319.81,639.91,605.62,796.89,0,0,output_crops\images\p143_q1066.png
144,1067,0,18.0,192.42,303.81,485.44,0,0,output_crops\images\p144_q1067.png
144,1068,0,18.0,483.44,303.81,796.89,0,0,output_crops\images\p144_q1068.png
144,1069,1,319.81,205.75,605.62,345.46,0,0,output_crops\images\p144_q1069.png
144,1070,1,319.81,343.46,605.62,504.53,0,0,output_crops\images\p144_q1070.png
144,1071,1,319.81,502.53,569.65,659.06,108,0,output_crops\images\p144_q1071.png
144,1072,1,319.81,657.06,605.62,796.89,0,0,output_crops\images\p144_q1072.png
145,1073,0,18.0,189.91,303.81,425.57,0,0,output_crops\images\p145_q1073.png
145,1074,0,18.0,423.57,303.81,658.99,0,0,output_crops\images\p145_q1074.png
145,1075,0,18.0,656.99,303.81,796.89,0,0,output_crops\images\p145_q1075.png
145,1076,1,319.81,175.46,605.62,332.22,0,0,output_crops\images\p145_q1076.png
145,1077,1,319.81,330.22,605.62,486.85,0,0,output_crops\images\p145_q1077.png
145,1078,1,319.81,484.85,605.62,642.34,0,0,output_crops\images\p145_q1078.png
145,1079,1,319.81,640.34,605.62,796.89,0,0,output_crops\images\p145_q1079.png
146,1099,0,18.0,231.97,303.81,336.38,0,0,output_crops\images\p146_q1099.png
146,1100,0,18.0,334.38,303.81,455.91,0,0,output_crops\images\p146_q1100.png
146,1101,0,18.0,453.91,303.81,636.38,0,0,output_crops\images\p146_q1101.png
146,1102,0,18.0,634.38,303.81,796.89,0,0,output_crops\images\p146_q1102.png
146,1103,1,319.81,232.82,605.62,374.65,0,0,output_crops\images\p146_q1103.png
146,1104,1,319.81,372.65,605.62,501.41,0,0,output_crops\images\p146_q1104.png
146,1105,1,319.81,499.41,605.62,624.34,0,0,output_crops\images\p146_q1105.png
146,1106,1,319.81,622.34,569.65,796.89,108,0,output_crops\images\p146_q1106.png
147,1107,0,18.0,191.79,303.81,320.51,0,0,output_crops\images\p147_q1107.png
147,1108,0,18.0,318.51,303.81,490.14,0,0,output_crops\images\p147_q1108.png
147,1109,0,18.0,488.14,303.81,642.2,0,0,output_crops\images\p147_q1109.png
147,1110,0,18.0,640.2,303.81,796.89,0,0,output_crops\images\p147_q1110.png
147,1111,1,319.81,264.99,605.62,469.97,0,0,output_crops\images\p147_q1111.png
147,1112,1,319.81,467.97,605.62,656.19,0,0,output_crops\images\p147_q1112.png
147,1113,1,319.81,654.19,605.62,796.89,0,0,output_crops\images\p147_q1113.png
148,1114,0,18.0,218.79,303.81,405.86,0,0,output_crops\images\p148_q1114.png
148,1115,0,18.0,403.86,303.81,591.03,0,0,output_crops\images\p148_q1115.png
148,1116,0,18.0,589.03,303.81,796.89,0,0,output_crops\images\p148_q1116.png
148,1117,1,319.81,218.64,605.62,414.57,0,0,output_crops\images\p148_q1117.png
148,1118,1,319.81,412.57,605.62,625.33,0,0,output_crops\images\p148_q1118.png
148,1119,1,319.81,623.33,569.65,796.89,108,0,output_crops\images\p148_q1119.png
149,1120,0,18.0,202.63,303.81,366.56,0,0,output_crops\images\p149_q1120.png
149,1121,0,18.0,364.56,303.81,528.67,0,0,output_crops\images\p149_q1121.png
149,1122,0,18.0,526.67,303.81,796.89,0,0,output_crops\images\p149_q1122.png
149,1123,1,319.81,219.35,605.62,363.27,0,0,output_crops\images\p149_q1123.png
149,1124,1,319.81,361.27,605.62,496.83,0,0,output_crops\images\p149_q1124.png
149,1125,1,319.81,494.83,605.62,658.64,0,0,output_crops\images\p149_q1125.png
149,1126,1,319.81,656.64,605.62,796.89,0,0,output_crops\images\p149_q1126.png
150,1127,0,18.0,206.31,303.81,336.23,0,0,output_crops\images\p150_q1127.png
150,1128,0,18.0,334.23,303.81,472.22,0,0,output_crops\images\p150_q1128.png
150,1129,0,18.0,470.22,303.81,608.32,0,0,output_crops\images\p150_q1129.png
150,1130,0,18.0,606.32,303.81,796.89,0,0,output_crops\images\p150_q1130.png
150,1131,1,319.81,191.61,605.62,426.41,0,0,output_crops\images\p150_q1131.png
150,1132,1,319.81,424.41,605.62,642.27,0,0,output_crops\images\p150_q1132.png
150,1133,1,319.81,640.27,569.65,796.89,108,0,output_crops\images\p150_q1133.png
151,1134,0,18.0,175.13,303.81,383.68,0,0,output_crops\images\p151_q1134.png
151,1135,0,18.0,381.68,303.81,659.03,0,0,output_crops\images\p151_q1135.png
151,1136,0,18.0,657.03,303.81,796.89,0,0,output_crops\images\p151_q1136.png
151,1137,1,319.81,171.87,605.62,364.54,0,0,output_crops\images\p151_q1137.png
151,1138,1,319.81,362.54,605.62,574.35,0,0,output_crops\images\p151_q1138.png
151,1139,1,319.81,572.35,605.62,796.89,0,0,output_crops\images\p151_q1139.png
152,1140,0,18.0,219.35,303.81,442.83,0,0,output_crops\images\p152_q1140.png
152,1141,0,18.0,440.83,303.81,619.38,0,0,output_crops\images\p152_q1141.png
152,1142,0,18.0,617.38,303.81,796.89,0,0,output_crops\images\p152_q1142.png
152,1143,1,319.81,120.35,605.62,356.62,0,0,output_crops\images\p152_q1143.png
152,1144,1,319.81,354.62,605.62,590.61,0,0,output_crops\images\p152_q1144.png
152,1145,1,319.81,588.61,569.31,796.89,109,0,output_crops\images\p152_q1145.png
153,1146,0,18.0,116.24,303.81,376.33,0,0,output_crops\images\p153_q1146.png
153,1147,0,18.0,374.33,303.81,642.76,0,0,output_crops\images\p153_q1147.png
153,1148,0,18.0,640.76,303.81,796.89,0,0,output_crops\images\p153_q1148.png
153,1149,1,319.81,117.06,605.62,363.62,0,0,output_crops\images\p153_q1149.png
153,1150,1,319.81,361.62,605.62,536.18,0,0,output_crops\images\p153_q1150.png
153,1151,1,319.81,534.18,605.62,796.89,0,0,output_crops\images\p153_q1151.png
154,1152,0,18.0,74.54,303.81,308.84,0,0,output_crops\images\p154_q1152.png
154,1153,0,18.0,306.84,303.81,625.05,0,0,output_crops\images\p154_q1153.png
154,1154,0,18.0,623.05,303.81,796.89,0,0,output_crops\images\p154_q1154.png
154,1155,1,319.81,73.55,605.62,362.1,0,0,output_crops\images\p154_q1155.png
154,1156,1,319.81,360.1,605.62,645.81,0,0,output_crops\images\p154_q1156.png
154,1157,1,319.81,643.81,569.31,796.89,109,0,output_crops\images\p154_q1157.png
155,1158,0,18.0,73.18,303.81,244.66,0,0,output_crops\images\p155_q1158.png
155,1159,0,18.0,242.66,303.81,413.54,0,0,output_crops\images\p155_q1159.png
155,1160,0,18.0,411.54,303.81,611.55,0,0,output_crops\images\p155_q1160.png
155,1161,0,18.0,609.55,303.81,796.89,0,0,output_crops\images\p155_q1161.png
155,1162,1,319.81,72.66,605.62,330.12,0,0,output_crops\images\p155_q1162.png
155,1163,1,319.81,328.12,605.62,615.98,0,0,output_crops\images\p155_q1163.png
155,1164,1,319.81,613.98,605.62,796.89,0,0,output_crops\images\p155_q1164.png
