page,question_id,column,x0,y0,x1,y1,image_path
7,0001,0,18,126.96,315.15,345.05,output_crops\images\p007_q0001.png
7,0002,0,18,343.05,315.15,567.4,output_crops\images\p007_q0002.png
7,0003,0,18,565.4,315.15,816.73,output_crops\images\p007_q0003.png
7,0004,1,331.15,126.96,628.3,329.67,output_crops\images\p007_q0004.png
7,0005,1,331.15,327.67,628.3,507.61,output_crops\images\p007_q0005.png
7,0006,1,331.15,505.61,628.3,816.73,output_crops\images\p007_q0006.png
9,0007,0,18,126.96,315.15,342.41,output_crops\images\p009_q0007.png
9,0008,0,18,340.41,315.15,568.08,output_crops\images\p009_q0008.png
9,0009,0,18,566.08,315.15,816.73,output_crops\images\p009_q0009.png
9,0010,1,331.15,126.96,628.3,352.64,output_crops\images\p009_q0010.png
9,0011,1,331.15,350.64,628.3,457.63,output_crops\images\p009_q0011.png
9,0012,1,331.15,455.63,628.3,681.31,output_crops\images\p009_q0012.png
9,0013,1,331.15,679.31,628.3,816.73,output_crops\images\p009_q0013.png
10,0014,0,18,226.66,315.15,506.54,output_crops\images\p010_q0014.png
10,0015,0,18,504.54,315.15,816.73,output_crops\images\p010_q0015.png
10,0016,1,331.15,66.01,628.3,423.3,output_crops\images\p010_q0016.png
10,0017,1,331.15,421.3,628.3,593.66,output_crops\images\p010_q0017.png
10,0018,1,331.15,591.66,628.3,816.73,output_crops\images\p010_q0018.png
11,0019,0,18,66.01,315.15,310.06,output_crops\images\p011_q0019.png
11,0020,0,18,308.06,315.15,568.11,output_crops\images\p011_q0020.png
11,0021,0,18,566.11,315.15,816.73,output_crops\images\p011_q0021.png
11,0022,1,331.15,66.01,628.3,292.48,output_crops\images\p011_q0022.png
11,0023,1,331.15,290.48,628.3,516.96,output_crops\images\p011_q0023.png
11,0024,1,331.15,514.96,628.3,816.73,output_crops\images\p011_q0024.png
12,0025,0,18,274.5,315.15,466.31,output_crops\images\p012_q0025.png
12,0026,0,18,464.31,315.15,640.12,output_crops\images\p012_q0026.png
12,0027,0,18,638.12,315.15,816.73,output_crops\images\p012_q0027.png
12,0028,1,331.15,66.01,628.3,266.77,output_crops\images\p012_q0028.png
12,0029,1,331.15,264.77,628.3,444.63,output_crops\images\p012_q0029.png
12,0030,1,331.15,442.63,628.3,627.16,output_crops\images\p012_q0030.png
12,0031,1,331.15,625.16,628.3,816.73,output_crops\images\p012_q0031.png
13,0032,0,18,311.31,315.15,469.89,output_crops\images\p013_q0032.png
13,0033,0,18,467.89,315.15,637.1,output_crops\images\p013_q0033.png
13,0034,0,18,635.1,315.15,816.73,output_crops\images\p013_q0034.png
13,0035,1,331.15,66.01,628.3,334.07,output_crops\images\p013_q0035.png
13,0036,1,331.15,332.07,628.3,563.87,output_crops\images\p013_q0036.png
13,0037,1,331.15,561.87,628.3,816.73,output_crops\images\p013_q0037.png
14,0038,0,18,273.09,315.15,443.8,output_crops\images\p014_q0038.png
14,0039,0,18,441.8,315.15,612.5,output_crops\images\p014_q0039.png
14,0040,0,18,610.5,315.15,816.73,output_crops\images\p014_q0040.png
14,0041,1,331.15,66.01,628.3,278.64,output_crops\images\p014_q0041.png
14,0042,1,331.15,276.64,628.3,493.75,output_crops\images\p014_q0042.png
14,0043,1,331.15,491.75,628.3,816.73,output_crops\images\p014_q0043.png
15,0044,0,18,191.12,315.15,395.89,output_crops\images\p015_q0044.png
15,0045,0,18,393.89,315.15,625.66,output_crops\images\p015_q0045.png
15,0046,0,18,623.66,315.15,816.73,output_crops\images\p015_q0046.png
15,0047,1,331.15,66.01,628.3,247.31,output_crops\images\p015_q0047.png
15,0048,1,331.15,245.31,628.3,595.64,output_crops\images\p015_q0048.png
15,0049,1,331.15,593.64,628.3,816.73,output_crops\images\p015_q0049.png
16,0050,0,18,80.18,315.15,448.53,output_crops\images\p016_q0050.png
16,0051,0,18,446.53,315.15,630.43,output_crops\images\p016_q0051.png
16,0052,0,18,628.43,315.15,816.73,output_crops\images\p016_q0052.png
16,0053,1,331.15,66.01,628.3,221.31,output_crops\images\p016_q0053.png
16,0054,1,331.15,219.31,628.3,398.18,output_crops\images\p016_q0054.png
16,0055,1,331.15,396.18,628.3,614.06,output_crops\images\p016_q0055.png
16,0056,1,331.15,612.06,628.3,816.73,output_crops\images\p016_q0056.png
17,0057,0,18,66.01,315.15,423.85,output_crops\images\p017_q0057.png
17,0058,0,18,421.85,315.15,578.49,output_crops\images\p017_q0058.png
17,0059,0,18,576.49,315.15,816.73,output_crops\images\p017_q0059.png
17,0060,1,331.15,66.01,628.3,232.64,output_crops\images\p017_q0060.png
17,0061,1,331.15,230.64,628.3,607.99,output_crops\images\p017_q0061.png
17,0062,1,331.15,605.99,628.3,816.73,output_crops\images\p017_q0062.png
18,0063,0,18,80.18,315.15,275.54,output_crops\images\p018_q0063.png
18,0064,0,18,273.54,315.15,601.43,output_crops\images\p018_q0064.png
18,0065,0,18,599.43,315.15,816.73,output_crops\images\p018_q0065.png
18,0066,1,331.15,66.01,628.3,215.09,output_crops\images\p018_q0066.png
18,0067,1,331.15,213.09,628.3,567.81,output_crops\images\p018_q0067.png
18,0068,1,331.15,565.81,628.3,816.73,output_crops\images\p018_q0068.png
19,0069,0,18,66.01,315.15,342.88,output_crops\images\p019_q0069.png
19,0070,0,18,340.88,315.15,816.73,output_crops\images\p019_q0070.png
19,0071,1,331.15,66.0,628.3,276.25,output_crops\images\p019_q0071.png
19,0072,1,331.15,274.25,628.3,526.91,output_crops\images\p019_q0072.png
19,0073,1,331.15,524.91,628.3,816.73,output_crops\images\p019_q0073.png
20,0074,0,18,259.8,315.15,444.43,output_crops\images\p020_q0074.png
20,0075,0,18,442.43,315.15,611.05,output_crops\images\p020_q0075.png
20,0076,0,18,609.05,315.15,816.73,output_crops\images\p020_q0076.png
20,0077,1,331.15,66.01,628.3,314.9,output_crops\images\p020_q0077.png
20,0078,1,331.15,312.9,628.3,546.79,output_crops\images\p020_q0078.png
20,0079,1,331.15,544.79,628.3,816.73,output_crops\images\p020_q0079.png
21,0080,0,18,245.63,315.15,401.56,output_crops\images\p021_q0080.png
21,0081,0,18,399.56,315.15,623.75,output_crops\images\p021_q0081.png
21,0082,0,18,621.75,315.15,816.73,output_crops\images\p021_q0082.png
21,0083,1,331.15,66.01,628.3,231.26,output_crops\images\p021_q0083.png
21,0084,1,331.15,229.26,628.3,566.68,output_crops\images\p021_q0084.png
21,0085,1,331.15,564.68,628.3,816.73,output_crops\images\p021_q0085.png
22,0086,0,18,80.18,315.15,252.19,output_crops\images\p022_q0086.png
22,0087,0,18,250.19,315.15,603.92,output_crops\images\p022_q0087.png
22,0088,0,18,601.92,315.15,816.73,output_crops\images\p022_q0088.png
22,0089,1,331.15,66.01,628.3,243.29,output_crops\images\p022_q0089.png
22,0090,1,331.15,241.29,628.3,424.25,output_crops\images\p022_q0090.png
22,0091,1,331.15,422.25,628.3,600.96,output_crops\images\p022_q0091.png
22,0092,1,331.15,598.96,628.3,816.73,output_crops\images\p022_q0092.png
23,0093,0,18,94.36,315.15,310.54,output_crops\images\p023_q0093.png
23,0094,0,18,308.54,315.15,552.11,output_crops\images\p023_q0094.png
23,0095,0,18,550.11,315.15,816.73,output_crops\images\p023_q0095.png
23,0096,1,331.15,66.01,628.3,295.4,output_crops\images\p023_q0096.png
23,0097,1,331.15,293.4,628.3,538.79,output_crops\images\p023_q0097.png
23,0098,1,331.15,536.79,628.3,816.73,output_crops\images\p023_q0098.png
24,0099,0,18,80.18,315.15,296.6,output_crops\images\p024_q0099.png
24,0100,0,18,294.6,315.15,563.27,output_crops\images\p024_q0100.png
24,0101,0,18,561.27,315.15,816.73,output_crops\images\p024_q0101.png
24,0102,1,331.15,66.01,628.3,331.8,output_crops\images\p024_q0102.png
24,0103,1,331.15,329.8,628.3,567.14,output_crops\images\p024_q0103.png
24,0104,1,331.15,565.14,628.3,816.73,output_crops\images\p024_q0104.png
25,0105,0,18,66.01,315.15,240.48,output_crops\images\p025_q0105.png
25,0106,0,18,238.48,315.15,397.69,output_crops\images\p025_q0106.png
25,0107,0,18,395.69,315.15,567.22,output_crops\images\p025_q0107.png
25,0108,0,18,565.22,315.15,816.73,output_crops\images\p025_q0108.png
25,0109,1,331.15,66.01,628.3,322.73,output_crops\images\p025_q0109.png
25,0110,1,331.15,320.73,628.3,590.21,output_crops\images\p025_q0110.png
25,0111,1,331.15,588.21,628.3,816.73,output_crops\images\p025_q0111.png
26,0112,0,18,80.18,315.15,266.62,output_crops\images\p026_q0112.png
26,0113,0,18,264.62,315.15,504.31,output_crops\images\p026_q0113.png
26,0114,0,18,502.31,315.15,816.73,output_crops\images\p026_q0114.png
26,0115,1,331.15,66.01,628.3,289.4,output_crops\images\p026_q0115.png
26,0116,1,331.15,287.4,628.3,513.37,output_crops\images\p026_q0116.png
26,0117,1,331.15,511.37,628.3,816.73,output_crops\images\p026_q0117.png
29,0118,0,18,126.96,315.15,502.61,output_crops\images\p029_q0118.png
29,0119,0,18,500.61,315.15,816.73,output_crops\images\p029_q0119.png
29,0120,1,331.15,94.36,628.3,285.11,output_crops\images\p029_q0120.png
29,0121,1,331.15,283.11,628.3,507.71,output_crops\images\p029_q0121.png
29,0122,1,331.15,505.71,628.3,816.73,output_crops\images\p029_q0122.png
31,0123,0,18,126.96,315.15,503.82,output_crops\images\p031_q0123.png
31,0124,0,18,501.82,315.15,816.73,output_crops\images\p031_q0124.png
31,0125,1,331.15,94.36,628.3,464.22,output_crops\images\p031_q0125.png
31,0126,1,331.15,462.22,628.3,816.73,output_crops\images\p031_q0126.png
32,0127,0,18,495.38,315.15,675.87,output_crops\images\p032_q0127.png
32,0128,0,18,673.87,315.15,816.73,output_crops\images\p032_q0128.png
32,0129,1,331.15,462.78,628.3,633.15,output_crops\images\p032_q0129.png
32,0130,1,331.15,631.15,628.3,816.73,output_crops\images\p032_q0130.png
33,0131,0,18,243.66,315.15,470.22,output_crops\images\p033_q0131.png
33,0132,0,18,468.22,315.15,816.73,output_crops\images\p033_q0132.png
33,0133,1,331.15,66.01,628.3,302.82,output_crops\images\p033_q0133.png
33,0134,1,331.15,300.82,628.3,557.87,output_crops\images\p033_q0134.png
33,0135,1,331.15,555.87,628.3,816.73,output_crops\images\p033_q0135.png
34,0136,0,18,80.18,315.15,283.07,output_crops\images\p034_q0136.png
34,0137,0,18,281.07,315.15,472.25,output_crops\images\p034_q0137.png
34,0138,0,18,470.25,315.15,816.73,output_crops\images\p034_q0138.png
34,0139,1,331.15,226.92,628.3,426.17,output_crops\images\p034_q0139.png
34,0140,1,331.15,424.17,628.3,609.93,output_crops\images\p034_q0140.png
34,0141,1,331.15,607.93,628.3,816.73,output_crops\images\p034_q0141.png
35,0142,0,18,66.01,315.15,298.15,output_crops\images\p035_q0142.png
35,0143,0,18,296.15,315.15,528.29,output_crops\images\p035_q0143.png
35,0144,0,18,526.29,315.15,816.73,output_crops\images\p035_q0144.png
35,0145,1,331.15,215.32,628.3,381.35,output_crops\images\p035_q0145.png
35,0146,1,331.15,379.35,628.3,577.4,output_crops\images\p035_q0146.png
35,0147,1,331.15,575.4,628.3,816.73,output_crops\images\p035_q0147.png
36,0148,0,18,213.49,315.15,392.43,output_crops\images\p036_q0148.png
36,0149,0,18,390.43,315.15,616.87,output_crops\images\p036_q0149.png
36,0150,0,18,614.87,315.15,816.73,output_crops\images\p036_q0150.png
36,0151,1,331.15,66.01,628.3,293.63,output_crops\images\p036_q0151.png
36,0152,1,331.15,291.63,628.3,598.92,output_crops\images\p036_q0152.png
36,0153,1,331.15,596.92,628.3,816.73,output_crops\images\p036_q0153.png
37,0154,0,18,66.01,315.15,305.64,output_crops\images\p037_q0154.png
37,0155,0,18,303.64,315.15,566.71,output_crops\images\p037_q0155.png
37,0156,0,18,564.71,315.15,816.73,output_crops\images\p037_q0156.png
37,0157,1,331.15,66.01,628.3,270.88,output_crops\images\p037_q0157.png
37,0158,1,331.15,268.88,628.3,598.73,output_crops\images\p037_q0158.png
37,0159,1,331.15,596.73,628.3,816.73,output_crops\images\p037_q0159.png
38,0160,0,18,80.18,315.15,263.01,output_crops\images\p038_q0160.png
38,0161,0,18,261.01,315.15,436.9,output_crops\images\p038_q0161.png
38,0162,0,18,434.9,315.15,609.17,output_crops\images\p038_q0162.png
38,0163,0,18,607.17,315.15,816.73,output_crops\images\p038_q0163.png
38,0164,1,331.15,66.01,628.3,237.07,output_crops\images\p038_q0164.png
38,0165,1,331.15,235.07,628.3,555.47,output_crops\images\p038_q0165.png
38,0166,1,331.15,553.47,628.3,816.73,output_crops\images\p038_q0166.png
39,0167,0,18,66.01,315.15,420.09,output_crops\images\p039_q0167.png
39,0168,0,18,418.09,315.15,611.72,output_crops\images\p039_q0168.png
39,0169,0,18,609.72,315.15,816.73,output_crops\images\p039_q0169.png
39,0170,1,331.15,66.01,628.3,408.8,output_crops\images\p039_q0170.png
39,0171,1,331.15,406.8,628.3,593.81,output_crops\images\p039_q0171.png
39,0172,1,331.15,591.81,628.3,816.73,output_crops\images\p039_q0172.png
40,0173,0,18,80.18,315.15,270.24,output_crops\images\p040_q0173.png
40,0174,0,18,268.24,315.15,605.01,output_crops\images\p040_q0174.png
40,0175,0,18,603.01,315.15,816.73,output_crops\images\p040_q0175.png
40,0176,1,331.15,66.01,628.3,231.35,output_crops\images\p040_q0176.png
40,0177,1,331.15,229.35,628.3,439.6,output_crops\images\p040_q0177.png
40,0178,1,331.15,437.6,628.3,631.84,output_crops\images\p040_q0178.png
40,0179,1,331.15,629.84,628.3,816.73,output_crops\images\p040_q0179.png
41,0180,0,18,66.01,315.15,239.99,output_crops\images\p041_q0180.png
41,0181,0,18,237.99,315.15,594.16,output_crops\images\p041_q0181.png
41,0182,0,18,592.16,315.15,816.73,output_crops\images\p041_q0182.png
41,0183,1,331.15,66.01,628.3,292.48,output_crops\images\p041_q0183.png
41,0184,1,331.15,290.48,628.3,516.96,output_crops\images\p041_q0184.png
41,0185,1,331.15,514.96,628.3,816.73,output_crops\images\p041_q0185.png
42,0186,0,18,80.18,315.15,252.68,output_crops\images\p042_q0186.png
42,0187,0,18,250.68,315.15,608.18,output_crops\images\p042_q0187.png
42,0188,0,18,606.18,315.15,816.73,output_crops\images\p042_q0188.png
42,0189,1,331.15,66.01,628.3,310.57,output_crops\images\p042_q0189.png
42,0190,1,331.15,308.57,628.3,568.12,output_crops\images\p042_q0190.png
42,0191,1,331.15,566.12,628.3,816.73,output_crops\images\p042_q0191.png
43,0192,0,18,66.01,315.15,261.16,output_crops\images\p043_q0192.png
43,0193,0,18,259.16,315.15,600.53,output_crops\images\p043_q0193.png
43,0194,0,18,598.53,315.15,816.73,output_crops\images\p043_q0194.png
43,0195,1,331.15,66.01,628.3,320.23,output_crops\images\p043_q0195.png
43,0196,1,331.15,318.23,628.3,556.46,output_crops\images\p043_q0196.png
43,0197,1,331.15,554.46,628.3,816.73,output_crops\images\p043_q0197.png
44,0198,0,18,80.18,315.15,247.86,output_crops\images\p044_q0198.png
44,0199,0,18,245.86,315.15,620.37,output_crops\images\p044_q0199.png
44,0200,0,18,618.37,315.15,816.73,output_crops\images\p044_q0200.png
44,0201,1,331.15,66.01,628.3,323.27,output_crops\images\p044_q0201.png
44,0202,1,331.15,321.27,628.3,558.68,output_crops\images\p044_q0202.png
44,0203,1,331.15,556.68,628.3,816.73,output_crops\images\p044_q0203.png
45,0204,0,18,66.01,315.15,258.32,output_crops\images\p045_q0204.png
45,0205,0,18,256.32,315.15,458.27,output_crops\images\p045_q0205.png
45,0206,0,18,456.27,315.15,621.96,output_crops\images\p045_q0206.png
45,0207,0,18,619.96,315.15,816.73,output_crops\images\p045_q0207.png
45,0208,1,331.15,244.12,628.3,417.82,output_crops\images\p045_q0208.png
45,0209,1,331.15,415.82,628.3,601.95,output_crops\images\p045_q0209.png
45,0210,1,331.15,599.95,628.3,816.73,output_crops\images\p045_q0210.png
46,0211,0,18,94.36,315.15,338.32,output_crops\images\p046_q0211.png
46,0212,0,18,336.32,315.15,565.4,output_crops\images\p046_q0212.png
46,0213,0,18,563.4,315.15,816.73,output_crops\images\p046_q0213.png
46,0214,1,331.15,66.01,628.3,237.36,output_crops\images\p046_q0214.png
46,0215,1,331.15,235.36,628.3,411.84,output_crops\images\p046_q0215.png
46,0216,1,331.15,409.84,628.3,628.89,output_crops\images\p046_q0216.png
46,0217,1,331.15,626.89,628.3,816.73,output_crops\images\p046_q0217.png
47,0218,0,18,66.01,315.15,255.82,output_crops\images\p047_q0218.png
47,0219,0,18,253.82,315.15,422.32,output_crops\images\p047_q0219.png
47,0220,0,18,420.32,315.15,605.87,output_crops\images\p047_q0220.png
47,0221,0,18,603.87,315.15,816.73,output_crops\images\p047_q0221.png
47,0222,1,331.15,66.01,628.3,304.57,output_crops\images\p047_q0222.png
47,0223,1,331.15,302.57,628.3,541.12,output_crops\images\p047_q0223.png
47,0224,1,331.15,539.12,628.3,816.73,output_crops\images\p047_q0224.png
48,0225,0,18,80.18,315.15,324.68,output_crops\images\p048_q0225.png
48,0226,0,18,322.68,315.15,567.18,output_crops\images\p048_q0226.png
48,0227,0,18,565.18,315.15,816.73,output_crops\images\p048_q0227.png
48,0228,1,331.15,66.01,628.3,286.27,output_crops\images\p048_q0228.png
48,0229,1,331.15,284.27,628.3,518.52,output_crops\images\p048_q0229.png
48,0230,1,331.15,516.52,628.3,816.73,output_crops\images\p048_q0230.png
51,0231,0,18,126.96,315.15,332.98,output_crops\images\p051_q0231.png
51,0232,0,18,330.98,315.15,529.25,output_crops\images\p051_q0232.png
51,0233,0,18,527.25,315.15,816.73,output_crops\images\p051_q0233.png
51,0234,1,331.15,94.36,628.3,451.51,output_crops\images\p051_q0234.png
51,0235,1,331.15,449.51,628.3,816.73,output_crops\images\p051_q0235.png
53,0236,0,18,126.96,315.15,464.61,output_crops\images\p053_q0236.png
53,0237,0,18,462.61,315.15,816.73,output_crops\images\p053_q0237.png
53,0238,1,331.15,126.96,628.3,293.74,output_crops\images\p053_q0238.png
53,0239,1,331.15,291.74,628.3,491.69,output_crops\images\p053_q0239.png
53,0240,1,331.15,489.69,628.3,657.49,output_crops\images\p053_q0240.png
53,0241,1,331.15,655.49,628.3,816.73,output_crops\images\p053_q0241.png
54,0242,0,18,195.88,315.15,415.31,output_crops\images\p054_q0242.png
54,0243,0,18,413.31,315.15,596.5,output_crops\images\p054_q0243.png
54,0244,0,18,594.5,315.15,816.73,output_crops\images\p054_q0244.png
54,0245,1,331.15,147.12,628.3,475.94,output_crops\images\p054_q0245.png
54,0246,1,331.15,473.94,628.3,816.73,output_crops\images\p054_q0246.png
55,0247,0,18,66.01,315.15,522.85,output_crops\images\p055_q0247.png
55,0248,0,18,520.85,315.15,816.73,output_crops\images\p055_q0248.png
55,0249,1,331.15,66.01,628.3,244.37,output_crops\images\p055_q0249.png
55,0250,1,331.15,242.37,628.3,440.97,output_crops\images\p055_q0250.png
55,0251,1,331.15,438.97,628.3,617.33,output_crops\images\p055_q0251.png
55,0252,1,331.15,615.33,628.3,816.73,output_crops\images\p055_q0252.png
56,0253,0,18,80.18,315.15,425.27,output_crops\images\p056_q0253.png
56,0254,0,18,423.27,315.15,617.47,output_crops\images\p056_q0254.png
56,0255,0,18,615.47,315.15,816.73,output_crops\images\p056_q0255.png
56,0256,1,331.15,66.01,628.3,323.25,output_crops\images\p056_q0256.png
56,0257,1,331.15,321.25,628.3,551.62,output_crops\images\p056_q0257.png
56,0258,1,331.15,549.62,628.3,816.73,output_crops\images\p056_q0258.png
57,0259,0,18,169.31,315.15,401.05,output_crops\images\p057_q0259.png
57,0260,0,18,399.05,315.15,600.19,output_crops\images\p057_q0260.png
57,0261,0,18,598.19,315.15,816.73,output_crops\images\p057_q0261.png
57,0262,1,331.15,66.01,628.3,287.15,output_crops\images\p057_q0262.png
57,0263,1,331.15,285.15,628.3,558.54,output_crops\images\p057_q0263.png
57,0264,1,331.15,556.54,628.3,816.73,output_crops\images\p057_q0264.png
58,0265,0,18,80.18,315.15,281.68,output_crops\images\p058_q0265.png
58,0266,0,18,279.68,315.15,594.19,output_crops\images\p058_q0266.png
58,0267,0,18,592.19,315.15,816.73,output_crops\images\p058_q0267.png
58,0268,1,331.15,66.01,628.3,324.44,output_crops\images\p058_q0268.png
58,0269,1,331.15,322.44,628.3,536.96,output_crops\images\p058_q0269.png
58,0270,1,331.15,534.96,628.3,816.73,output_crops\images\p058_q0270.png
59,0271,0,18,147.12,315.15,462.98,output_crops\images\p059_q0271.png
59,0272,0,18,460.98,315.15,816.73,output_crops\images\p059_q0272.png
59,0273,1,331.15,66.01,628.3,440.6,output_crops\images\p059_q0273.png
59,0274,1,331.15,438.6,628.3,816.73,output_crops\images\p059_q0274.png
60,0275,0,18,245.7,315.15,423.39,output_crops\images\p060_q0275.png
60,0276,0,18,421.39,315.15,596.16,output_crops\images\p060_q0276.png
60,0277,0,18,594.16,315.15,816.73,output_crops\images\p060_q0277.png
60,0278,1,331.15,66.01,628.3,415.5,output_crops\images\p060_q0278.png
60,0279,1,331.15,413.5,628.3,604.59,output_crops\images\p060_q0279.png
60,0280,1,331.15,602.59,628.3,816.73,output_crops\images\p060_q0280.png
61,0281,0,18,66.01,315.15,338.11,output_crops\images\p061_q0281.png
61,0282,0,18,336.11,315.15,565.89,output_crops\images\p061_q0282.png
61,0283,0,18,563.89,315.15,816.73,output_crops\images\p061_q0283.png
61,0284,1,331.15,66.01,628.3,445.93,output_crops\images\p061_q0284.png
61,0285,1,331.15,443.93,628.3,816.73,output_crops\images\p061_q0285.png
62,0286,0,18,80.18,315.15,498.46,output_crops\images\p062_q0286.png
62,0287,0,18,496.46,315.15,816.73,output_crops\images\p062_q0287.png
62,0288,1,331.15,66.01,628.3,430.4,output_crops\images\p062_q0288.png
62,0289,1,331.15,428.4,628.3,816.73,output_crops\images\p062_q0289.png
63,0290,0,18,66.01,315.15,424.62,output_crops\images\p063_q0290.png
63,0291,0,18,422.62,315.15,635.28,output_crops\images\p063_q0291.png
63,0292,0,18,633.28,315.15,816.73,output_crops\images\p063_q0292.png
63,0293,1,331.15,66.01,628.3,271.09,output_crops\images\p063_q0293.png
63,0294,1,331.15,269.09,628.3,552.85,output_crops\images\p063_q0294.png
63,0295,1,331.15,550.85,628.3,816.73,output_crops\images\p063_q0295.png
64,0296,0,18,80.18,315.15,265.39,output_crops\images\p064_q0296.png
64,0297,0,18,263.39,315.15,610.48,output_crops\images\p064_q0297.png
64,0298,0,18,608.48,315.15,816.73,output_crops\images\p064_q0298.png
64,0299,1,331.15,66.01,628.3,219.03,output_crops\images\p064_q0299.png
64,0300,1,331.15,217.03,628.3,399.58,output_crops\images\p064_q0300.png
64,0301,1,331.15,397.58,628.3,596.13,output_crops\images\p064_q0301.png
64,0302,1,331.15,594.13,628.3,816.73,output_crops\images\p064_q0302.png
65,0303,0,18,66.01,315.15,465.59,output_crops\images\p065_q0303.png
65,0304,0,18,463.59,315.15,629.63,output_crops\images\p065_q0304.png
65,0305,0,18,627.63,315.15,816.73,output_crops\images\p065_q0305.png
65,0306,1,331.15,66.01,628.3,310.23,output_crops\images\p065_q0306.png
65,0307,1,331.15,308.23,628.3,552.46,output_crops\images\p065_q0307.png
65,0308,1,331.15,550.46,628.3,816.73,output_crops\images\p065_q0308.png
66,0309,0,18,94.36,315.15,256.2,output_crops\images\p066_q0309.png
66,0310,0,18,254.2,315.15,432.05,output_crops\images\p066_q0310.png
66,0311,0,18,430.05,315.15,581.58,output_crops\images\p066_q0311.png
66,0312,0,18,579.58,315.15,816.73,output_crops\images\p066_q0312.png
66,0313,1,331.15,66.01,628.3,316.65,output_crops\images\p066_q0313.png
66,0314,1,331.15,314.65,628.3,581.29,output_crops\images\p066_q0314.png
66,0315,1,331.15,579.29,628.3,816.73,output_crops\images\p066_q0315.png
67,0316,0,18,66.01,315.15,236.12,output_crops\images\p067_q0316.png
67,0317,0,18,234.12,315.15,404.22,output_crops\images\p067_q0317.png
67,0318,0,18,402.22,315.15,608.58,output_crops\images\p067_q0318.png
67,0319,0,18,606.58,315.15,816.73,output_crops\images\p067_q0319.png
67,0320,1,331.15,66.01,628.3,258.33,output_crops\images\p067_q0320.png
67,0321,1,331.15,256.33,628.3,527.69,output_crops\images\p067_q0321.png
67,0322,1,331.15,525.69,628.3,816.73,output_crops\images\p067_q0322.png
68,0323,0,18,80.18,315.15,390.34,output_crops\images\p068_q0323.png
68,0324,0,18,388.34,315.15,633.64,output_crops\images\p068_q0324.png
68,0325,0,18,631.64,315.15,816.73,output_crops\images\p068_q0325.png
68,0326,1,331.15,66.01,628.3,238.45,output_crops\images\p068_q0326.png
68,0327,1,331.15,236.45,628.3,408.89,output_crops\images\p068_q0327.png
68,0328,1,331.15,406.89,628.3,595.32,output_crops\images\p068_q0328.png
68,0329,1,331.15,593.32,628.3,816.73,output_crops\images\p068_q0329.png
71,0330,0,18,126.96,315.15,275.78,output_crops\images\p071_q0330.png
71,0331,0,18,273.78,315.15,409.36,output_crops\images\p071_q0331.png
71,0332,0,18,407.36,315.15,636.54,output_crops\images\p071_q0332.png
71,0333,0,18,634.54,315.15,816.73,output_crops\images\p071_q0333.png
71,0334,1,331.15,94.36,628.3,272.93,output_crops\images\p071_q0334.png
71,0335,1,331.15,270.93,628.3,489.73,output_crops\images\p071_q0335.png
71,0336,1,331.15,487.73,628.3,663.91,output_crops\images\p071_q0336.png
71,0337,1,331.15,661.91,628.3,816.73,output_crops\images\p071_q0337.png
73,0338,0,18,126.96,315.15,393.5,output_crops\images\p073_q0338.png
73,0339,0,18,391.5,315.15,591.97,output_crops\images\p073_q0339.png
73,0340,0,18,589.97,315.15,816.73,output_crops\images\p073_q0340.png
73,0341,1,331.15,94.36,628.3,316.96,output_crops\images\p073_q0341.png
73,0342,1,331.15,314.96,628.3,498.21,output_crops\images\p073_q0342.png
73,0343,1,331.15,496.21,628.3,625.19,output_crops\images\p073_q0343.png
73,0344,1,331.15,623.19,628.3,816.73,output_crops\images\p073_q0344.png
74,0345,0,18,239.16,315.15,425.95,output_crops\images\p074_q0345.png
74,0346,0,18,423.95,315.15,612.2,output_crops\images\p074_q0346.png
74,0347,0,18,610.2,315.15,816.73,output_crops\images\p074_q0347.png
74,0348,1,331.15,66.01,628.3,315.58,output_crops\images\p074_q0348.png
74,0349,1,331.15,313.58,628.3,507.61,output_crops\images\p074_q0349.png
74,0350,1,331.15,505.61,628.3,649.62,output_crops\images\p074_q0350.png
74,0351,1,331.15,647.62,628.3,816.73,output_crops\images\p074_q0351.png
75,0352,0,18,66.01,315.15,357.6,output_crops\images\p075_q0352.png
75,0353,0,18,355.6,315.15,575.64,output_crops\images\p075_q0353.png
75,0354,0,18,573.64,315.15,816.73,output_crops\images\p075_q0354.png
75,0355,1,331.15,66.01,628.3,399.11,output_crops\images\p075_q0355.png
75,0356,1,331.15,397.11,628.3,614.52,output_crops\images\p075_q0356.png
75,0357,1,331.15,612.52,628.3,816.73,output_crops\images\p075_q0357.png
76,0358,0,18,280.99,315.15,436.33,output_crops\images\p076_q0358.png
76,0359,0,18,434.33,315.15,607.0,output_crops\images\p076_q0359.png
76,0360,0,18,605.0,315.15,816.73,output_crops\images\p076_q0360.png
76,0361,1,331.15,66.01,628.3,378.67,output_crops\images\p076_q0361.png
76,0362,1,331.15,376.67,628.3,620.8,output_crops\images\p076_q0362.png
76,0363,1,331.15,618.8,628.3,816.73,output_crops\images\p076_q0363.png
77,0364,0,18,66.01,315.15,263.04,output_crops\images\p077_q0364.png
77,0365,0,18,261.04,315.15,562.4,output_crops\images\p077_q0365.png
77,0366,0,18,560.4,315.15,816.73,output_crops\images\p077_q0366.png
77,0367,1,331.15,66.01,628.3,207.72,output_crops\images\p077_q0367.png
77,0368,1,331.15,205.72,628.3,510.23,output_crops\images\p077_q0368.png
77,0369,1,331.15,508.23,628.3,659.96,output_crops\images\p077_q0369.png
77,0370,1,331.15,657.96,628.3,816.73,output_crops\images\p077_q0370.png
78,0371,0,18,224.99,315.15,391.3,output_crops\images\p078_q0371.png
78,0372,0,18,389.3,315.15,584.49,output_crops\images\p078_q0372.png
78,0373,0,18,582.49,315.15,816.73,output_crops\images\p078_q0373.png
78,0374,1,331.15,66.01,628.3,373.5,output_crops\images\p078_q0374.png
78,0375,1,331.15,371.5,628.3,579.13,output_crops\images\p078_q0375.png
78,0376,1,331.15,577.13,628.3,816.73,output_crops\images\p078_q0376.png
79,0377,0,18,66.01,315.15,294.98,output_crops\images\p079_q0377.png
79,0378,0,18,292.98,315.15,562.46,output_crops\images\p079_q0378.png
79,0379,0,18,560.46,315.15,816.73,output_crops\images\p079_q0379.png
79,0380,1,331.15,305.17,628.3,537.21,output_crops\images\p079_q0380.png
79,0381,1,331.15,535.21,628.3,816.73,output_crops\images\p079_q0381.png
80,0382,0,18,80.18,315.15,483.83,output_crops\images\p080_q0382.png
80,0383,0,18,481.83,315.15,638.76,output_crops\images\p080_q0383.png
80,0384,0,18,636.76,315.15,816.73,output_crops\images\p080_q0384.png
80,0385,1,331.15,66.01,628.3,280.73,output_crops\images\p080_q0385.png
80,0386,1,331.15,278.73,628.3,457.19,output_crops\images\p080_q0386.png
80,0387,1,331.15,455.19,628.3,816.73,output_crops\images\p080_q0387.png
81,0388,0,18,66.01,315.15,293.01,output_crops\images\p081_q0388.png
81,0389,0,18,291.01,315.15,604.93,output_crops\images\p081_q0389.png
81,0390,0,18,602.93,315.15,816.73,output_crops\images\p081_q0390.png
81,0391,1,331.15,66.01,628.3,257.43,output_crops\images\p081_q0391.png
81,0392,1,331.15,255.43,628.3,446.85,output_crops\images\p081_q0392.png
81,0393,1,331.15,444.85,628.3,620.26,output_crops\images\p081_q0393.png
81,0394,1,331.15,618.26,628.3,816.73,output_crops\images\p081_q0394.png
82,0395,0,18,273.47,315.15,488.95,output_crops\images\p082_q0395.png
82,0396,0,18,486.95,315.15,816.73,output_crops\images\p082_q0396.png
82,0397,1,331.15,66.01,628.3,251.61,output_crops\images\p082_q0397.png
82,0398,1,331.15,249.61,628.3,414.74,output_crops\images\p082_q0398.png
82,0399,1,331.15,412.74,628.3,614.33,output_crops\images\p082_q0399.png
82,0400,1,331.15,612.33,628.3,816.73,output_crops\images\p082_q0400.png
83,0401,0,18,284.71,315.15,501.12,output_crops\images\p083_q0401.png
83,0402,0,18,499.12,315.15,816.73,output_crops\images\p083_q0402.png
83,0403,1,331.15,66.01,628.3,293.09,output_crops\images\p083_q0403.png
83,0404,1,331.15,291.09,628.3,486.67,output_crops\images\p083_q0404.png
83,0405,1,331.15,484.67,628.3,816.73,output_crops\images\p083_q0405.png
84,0406,0,18,242.41,315.15,446.98,output_crops\images\p084_q0406.png
84,0407,0,18,444.98,315.15,591.12,output_crops\images\p084_q0407.png
84,0408,0,18,589.12,315.15,816.73,output_crops\images\p084_q0408.png
84,0409,1,331.15,66.01,628.3,562.89,output_crops\images\p084_q0409.png
84,0410,1,331.15,560.89,628.3,816.73,output_crops\images\p084_q0410.png
85,0411,0,18,68.85,315.15,262.62,output_crops\images\p085_q0411.png
85,0412,0,18,260.62,315.15,564.33,output_crops\images\p085_q0412.png
85,0413,0,18,562.33,315.15,816.73,output_crops\images\p085_q0413.png
85,0414,1,331.15,66.01,628.3,284.62,output_crops\images\p085_q0414.png
85,0415,1,331.15,282.62,628.3,464.97,output_crops\images\p085_q0415.png
85,0416,1,331.15,462.97,628.3,629.33,output_crops\images\p085_q0416.png
85,0417,1,331.15,627.33,628.3,816.73,output_crops\images\p085_q0417.png
86,0418,0,18,265.24,315.15,452.72,output_crops\images\p086_q0418.png
86,0419,0,18,450.72,315.15,623.2,output_crops\images\p086_q0419.png
86,0420,0,18,621.2,315.15,816.73,output_crops\images\p086_q0420.png
86,0421,1,331.15,66.01,628.3,317.43,output_crops\images\p086_q0421.png
86,0422,1,331.15,315.43,628.3,512.37,output_crops\images\p086_q0422.png
86,0423,1,331.15,510.37,628.3,816.73,output_crops\images\p086_q0423.png
87,0424,0,18,230.97,315.15,419.54,output_crops\images\p087_q0424.png
87,0425,0,18,417.54,315.15,606.11,output_crops\images\p087_q0425.png
87,0426,0,18,604.11,315.15,816.73,output_crops\images\p087_q0426.png
87,0427,1,331.15,66.01,628.3,297.96,output_crops\images\p087_q0427.png
87,0428,1,331.15,295.96,628.3,554.32,output_crops\images\p087_q0428.png
87,0429,1,331.15,552.32,628.3,816.73,output_crops\images\p087_q0429.png
88,0430,0,18,285.5,315.15,442.37,output_crops\images\p088_q0430.png
88,0431,0,18,440.37,315.15,628.15,output_crops\images\p088_q0431.png
88,0432,0,18,626.15,315.15,816.73,output_crops\images\p088_q0432.png
88,0433,1,331.15,66.01,628.3,314.57,output_crops\images\p088_q0433.png
88,0434,1,331.15,312.57,628.3,562.12,output_crops\images\p088_q0434.png
88,0435,1,331.15,560.12,628.3,816.73,output_crops\images\p088_q0435.png
89,0436,0,18,191.88,315.15,371.73,output_crops\images\p089_q0436.png
89,0437,0,18,369.73,315.15,564.58,output_crops\images\p089_q0437.png
89,0438,0,18,562.58,315.15,816.73,output_crops\images\p089_q0438.png
89,0439,1,331.15,66.01,628.3,261.41,output_crops\images\p089_q0439.png
89,0440,1,331.15,259.41,628.3,600.28,output_crops\images\p089_q0440.png
89,0441,1,331.15,598.28,628.3,816.73,output_crops\images\p089_q0441.png
90,0442,0,18,80.18,315.15,331.1,output_crops\images\p090_q0442.png
90,0443,0,18,329.1,315.15,580.02,output_crops\images\p090_q0443.png
90,0444,0,18,578.02,315.15,816.73,output_crops\images\p090_q0444.png
90,0445,1,331.15,200.08,628.3,434.11,output_crops\images\p090_q0445.png
90,0446,1,331.15,432.11,628.3,613.9,output_crops\images\p090_q0446.png
90,0447,1,331.15,611.9,628.3,816.73,output_crops\images\p090_q0447.png
91,0448,0,18,94.36,315.15,311.38,output_crops\images\p091_q0448.png
91,0449,0,18,309.38,315.15,542.41,output_crops\images\p091_q0449.png
91,0450,0,18,540.41,315.15,816.73,output_crops\images\p091_q0450.png
91,0451,1,331.15,66.01,628.3,311.32,output_crops\images\p091_q0451.png
91,0452,1,331.15,309.32,628.3,586.63,output_crops\images\p091_q0452.png
91,0453,1,331.15,584.63,628.3,816.73,output_crops\images\p091_q0453.png
92,0454,0,18,80.18,315.15,249.93,output_crops\images\p092_q0454.png
92,0455,0,18,247.93,315.15,401.68,output_crops\images\p092_q0455.png
92,0456,0,18,399.68,315.15,605.68,output_crops\images\p092_q0456.png
92,0457,0,18,603.68,315.15,816.73,output_crops\images\p092_q0457.png
92,0458,1,331.15,66.01,628.3,313.82,output_crops\images\p092_q0458.png
92,0459,1,331.15,311.82,628.3,579.87,output_crops\images\p092_q0459.png
92,0460,1,331.15,577.87,628.3,816.73,output_crops\images\p092_q0460.png
93,0461,0,18,66.01,315.15,297.82,output_crops\images\p093_q0461.png
93,0462,0,18,295.82,315.15,527.62,output_crops\images\p093_q0462.png
93,0463,0,18,525.62,315.15,816.73,output_crops\images\p093_q0463.png
93,0464,1,331.15,66.01,628.3,404.78,output_crops\images\p093_q0464.png
93,0465,1,331.15,402.78,628.3,619.93,output_crops\images\p093_q0465.png
93,0466,1,331.15,617.93,628.3,816.73,output_crops\images\p093_q0466.png
94,0467,0,18,80.18,315.15,253.04,output_crops\images\p094_q0467.png
94,0468,0,18,251.04,315.15,426.45,output_crops\images\p094_q0468.png
94,0469,0,18,424.45,315.15,636.11,output_crops\images\p094_q0469.png
94,0470,0,18,634.11,315.15,816.73,output_crops\images\p094_q0470.png
94,0471,1,331.15,66.01,628.3,300.26,output_crops\images\p094_q0471.png
94,0472,1,331.15,298.26,628.3,533.51,output_crops\images\p094_q0472.png
94,0473,1,331.15,531.51,628.3,816.73,output_crops\images\p094_q0473.png
97,0474,0,18,126.96,315.15,381.47,output_crops\images\p097_q0474.png
97,0475,0,18,379.47,315.15,643.44,output_crops\images\p097_q0475.png
97,0476,0,18,641.44,315.15,816.73,output_crops\images\p097_q0476.png
97,0477,1,331.15,126.96,628.3,336.04,output_crops\images\p097_q0477.png
97,0478,1,331.15,334.04,628.3,555.51,output_crops\images\p097_q0478.png
97,0479,1,331.15,553.51,628.3,816.73,output_crops\images\p097_q0479.png
99,0480,0,18,126.96,315.15,443.82,output_crops\images\p099_q0480.png
99,0481,0,18,441.82,315.15,816.73,output_crops\images\p099_q0481.png
99,0482,1,331.15,126.96,628.3,325.31,output_crops\images\p099_q0482.png
99,0483,1,331.15,323.31,628.3,522.49,output_crops\images\p099_q0483.png
99,0484,1,331.15,520.49,628.3,816.73,output_crops\images\p099_q0484.png
100,0485,0,18,577.79,315.15,816.73,output_crops\images\p100_q0485.png
100,0486,1,331.15,577.79,628.3,816.73,output_crops\images\p100_q0486.png
101,0487,0,18,255.82,315.15,546.05,output_crops\images\p101_q0487.png
101,0488,0,18,544.05,315.15,816.73,output_crops\images\p101_q0488.png
101,0489,1,331.15,66.01,628.3,267.06,output_crops\images\p101_q0489.png
101,0490,1,331.15,265.06,628.3,452.83,output_crops\images\p101_q0490.png
101,0491,1,331.15,450.83,628.3,629.17,output_crops\images\p101_q0491.png
101,0492,1,331.15,627.17,628.3,816.73,output_crops\images\p101_q0492.png
102,0493,0,18,80.18,315.15,489.22,output_crops\images\p102_q0493.png
102,0494,0,18,487.22,315.15,816.73,output_crops\images\p102_q0494.png
102,0495,1,331.15,66.01,628.3,268.91,output_crops\images\p102_q0495.png
102,0496,1,331.15,266.91,628.3,448.12,output_crops\images\p102_q0496.png
102,0497,1,331.15,446.12,628.3,614.37,output_crops\images\p102_q0497.png
102,0498,1,331.15,612.37,628.3,816.73,output_crops\images\p102_q0498.png
103,0499,0,18,66.01,315.15,302.34,output_crops\images\p103_q0499.png
103,0500,0,18,300.34,315.15,539.1,output_crops\images\p103_q0500.png
103,0501,0,18,537.1,315.15,816.73,output_crops\images\p103_q0501.png
103,0502,1,331.15,160.13,628.3,409.76,output_crops\images\p103_q0502.png
103,0503,1,331.15,407.76,628.3,653.48,output_crops\images\p103_q0503.png
103,0504,1,331.15,651.48,628.3,816.73,output_crops\images\p103_q0504.png
104,0505,0,18,261.49,315.15,478.32,output_crops\images\p104_q0505.png
104,0506,0,18,476.32,315.15,609.88,output_crops\images\p104_q0506.png
104,0507,0,18,607.88,315.15,816.73,output_crops\images\p104_q0507.png
104,0508,1,331.15,66.01,628.3,327.75,output_crops\images\p104_q0508.png
104,0509,1,331.15,325.75,628.3,586.81,output_crops\images\p104_q0509.png
104,0510,1,331.15,584.81,628.3,816.73,output_crops\images\p104_q0510.png
105,0511,0,18,214.32,315.15,384.02,output_crops\images\p105_q0511.png
105,0512,0,18,382.02,315.15,597.23,output_crops\images\p105_q0512.png
105,0513,0,18,595.23,315.15,816.73,output_crops\images\p105_q0513.png
105,0514,1,331.15,66.01,628.3,344.76,output_crops\images\p105_q0514.png
105,0515,1,331.15,342.76,628.3,544.22,output_crops\images\p105_q0515.png
105,0516,1,331.15,542.22,628.3,816.73,output_crops\images\p105_q0516.png
106,0517,0,18,161.29,315.15,332.02,output_crops\images\p106_q0517.png
106,0518,0,18,330.02,315.15,604.7,output_crops\images\p106_q0518.png
106,0519,0,18,602.7,315.15,816.73,output_crops\images\p106_q0519.png
106,0520,1,331.15,66.01,628.3,259.0,output_crops\images\p106_q0520.png
106,0521,1,331.15,257.0,628.3,599.6,output_crops\images\p106_q0521.png
106,0522,1,331.15,597.6,628.3,816.73,output_crops\images\p106_q0522.png
107,0523,0,18,66.01,315.15,305.99,output_crops\images\p107_q0523.png
107,0524,0,18,303.99,315.15,523.71,output_crops\images\p107_q0524.png
107,0525,0,18,521.71,315.15,816.73,output_crops\images\p107_q0525.png
107,0526,1,331.15,179.12,628.3,423.87,output_crops\images\p107_q0526.png
107,0527,1,331.15,421.87,628.3,602.61,output_crops\images\p107_q0527.png
107,0528,1,331.15,600.61,628.3,816.73,output_crops\images\p107_q0528.png
108,0529,0,18,80.18,315.15,333.43,output_crops\images\p108_q0529.png
108,0530,0,18,331.43,315.15,610.69,output_crops\images\p108_q0530.png
108,0531,0,18,608.69,315.15,816.73,output_crops\images\p108_q0531.png
108,0532,1,331.15,66.01,628.3,249.23,output_crops\images\p108_q0532.png
108,0533,1,331.15,247.23,628.3,612.47,output_crops\images\p108_q0533.png
108,0534,1,331.15,610.47,628.3,816.73,output_crops\images\p108_q0534.png
109,0535,0,18,66.01,315.15,272.09,output_crops\images\p109_q0535.png
109,0536,0,18,270.09,315.15,595.06,output_crops\images\p109_q0536.png
109,0537,0,18,593.06,315.15,816.73,output_crops\images\p109_q0537.png
109,0538,1,331.15,66.01,628.3,282.63,output_crops\images\p109_q0538.png
109,0539,1,331.15,280.63,628.3,529.25,output_crops\images\p109_q0539.png
109,0540,1,331.15,527.25,628.3,816.73,output_crops\images\p109_q0540.png
110,0541,0,18,209.29,315.15,418.42,output_crops\images\p110_q0541.png
110,0542,0,18,416.42,315.15,582.05,output_crops\images\p110_q0542.png
110,0543,0,18,580.05,315.15,816.73,output_crops\images\p110_q0543.png
110,0544,1,331.15,66.01,628.3,275.07,output_crops\images\p110_q0544.png
110,0545,1,331.15,273.07,628.3,534.37,output_crops\images\p110_q0545.png
110,0546,1,331.15,532.37,628.3,816.73,output_crops\images\p110_q0546.png
111,0547,0,18,199.32,315.15,464.54,output_crops\images\p111_q0547.png
111,0548,0,18,462.54,315.15,816.73,output_crops\images\p111_q0548.png
111,0549,1,331.15,66.01,628.3,487.55,output_crops\images\p111_q0549.png
111,0550,1,331.15,485.55,628.3,816.73,output_crops\images\p111_q0550.png
112,0551,0,18,228.49,315.15,522.93,output_crops\images\p112_q0551.png
112,0552,0,18,520.93,315.15,816.73,output_crops\images\p112_q0552.png
112,0553,1,331.15,269.45,628.3,463.77,output_crops\images\p112_q0553.png
112,0554,1,331.15,461.77,628.3,623.82,output_crops\images\p112_q0554.png
112,0555,1,331.15,621.82,628.3,816.73,output_crops\images\p112_q0555.png
113,0556,0,18,66.01,315.15,289.92,output_crops\images\p113_q0556.png
113,0557,0,18,287.92,315.15,606.27,output_crops\images\p113_q0557.png
113,0558,0,18,604.27,315.15,816.73,output_crops\images\p113_q0558.png
113,0559,1,331.15,66.01,628.3,238.15,output_crops\images\p113_q0559.png
113,0560,1,331.15,236.15,628.3,400.75,output_crops\images\p113_q0560.png
113,0561,1,331.15,398.75,628.3,563.34,output_crops\images\p113_q0561.png
113,0562,1,331.15,561.34,628.3,816.73,output_crops\images\p113_q0562.png
114,0563,0,18,80.18,315.15,454.28,output_crops\images\p114_q0563.png
114,0564,0,18,452.28,315.15,619.24,output_crops\images\p114_q0564.png
114,0565,0,18,617.24,315.15,816.73,output_crops\images\p114_q0565.png
114,0566,1,331.15,66.01,628.3,322.03,output_crops\images\p114_q0566.png
114,0567,1,331.15,320.03,628.3,570.39,output_crops\images\p114_q0567.png
114,0568,1,331.15,568.39,628.3,816.73,output_crops\images\p114_q0568.png
115,0569,0,18,147.12,315.15,372.07,output_crops\images\p115_q0569.png
115,0570,0,18,370.07,315.15,582.37,output_crops\images\p115_q0570.png
115,0571,0,18,580.37,315.15,816.73,output_crops\images\p115_q0571.png
115,0572,1,331.15,66.01,628.3,284.07,output_crops\images\p115_q0572.png
115,0573,1,331.15,282.07,628.3,519.37,output_crops\images\p115_q0573.png
115,0574,1,331.15,517.37,628.3,816.73,output_crops\images\p115_q0574.png
116,0575,0,18,207.29,315.15,398.0,output_crops\images\p116_q0575.png
116,0576,0,18,396.0,315.15,602.78,output_crops\images\p116_q0576.png
116,0577,0,18,600.78,315.15,816.73,output_crops\images\p116_q0577.png
116,0578,1,331.15,66.01,628.3,288.81,output_crops\images\p116_q0578.png
116,0579,1,331.15,286.81,628.3,561.87,output_crops\images\p116_q0579.png
116,0580,1,331.15,559.87,628.3,816.73,output_crops\images\p116_q0580.png
117,0581,0,18,210.94,315.15,428.14,output_crops\images\p117_q0581.png
117,0582,0,18,426.14,315.15,610.33,output_crops\images\p117_q0582.png
117,0583,0,18,608.33,315.15,816.73,output_crops\images\p117_q0583.png
117,0584,1,331.15,66.01,628.3,264.24,output_crops\images\p117_q0584.png
117,0585,1,331.15,262.24,628.3,432.46,output_crops\images\p117_q0585.png
117,0586,1,331.15,430.46,628.3,618.09,output_crops\images\p117_q0586.png
117,0587,1,331.15,616.09,628.3,816.73,output_crops\images\p117_q0587.png
118,0588,0,18,80.18,315.15,441.87,output_crops\images\p118_q0588.png
118,0589,0,18,439.87,315.15,592.96,output_crops\images\p118_q0589.png
118,0590,0,18,590.96,315.15,816.73,output_crops\images\p118_q0590.png
118,0591,1,331.15,66.01,628.3,248.92,output_crops\images\p118_q0591.png
118,0592,1,331.15,246.92,628.3,416.07,output_crops\images\p118_q0592.png
118,0593,1,331.15,414.07,628.3,596.77,output_crops\images\p118_q0593.png
118,0594,1,331.15,594.77,628.3,816.73,output_crops\images\p118_q0594.png
119,0595,0,18,253.04,315.15,423.92,output_crops\images\p119_q0595.png
119,0596,0,18,421.92,315.15,608.8,output_crops\images\p119_q0596.png
119,0597,0,18,606.8,315.15,816.73,output_crops\images\p119_q0597.png
119,0598,1,331.15,66.01,628.3,364.76,output_crops\images\p119_q0598.png
119,0599,1,331.15,362.76,628.3,583.23,output_crops\images\p119_q0599.png
119,0600,1,331.15,581.23,628.3,816.73,output_crops\images\p119_q0600.png
120,0601,0,18,80.18,315.15,434.06,output_crops\images\p120_q0601.png
120,0602,0,18,432.06,315.15,625.49,output_crops\images\p120_q0602.png
120,0603,0,18,623.49,315.15,816.73,output_crops\images\p120_q0603.png
120,0604,1,331.15,66.01,628.3,242.41,output_crops\images\p120_q0604.png
120,4000,1,331.15,240.41,628.3,353.59,output_crops\images\p120_q4000.png
120,0605,1,331.15,351.59,628.3,591.76,output_crops\images\p120_q0605.png
120,0606,1,331.15,589.76,628.3,625.85,output_crops\images\p120_q0606.png
120,2000,1,331.15,623.85,628.3,816.73,output_crops\images\p120_q2000.png
121,0607,0,18,94.36,315.15,342.28,output_crops\images\p121_q0607.png
121,0608,0,18,340.28,315.15,575.38,output_crops\images\p121_q0608.png
121,0609,0,18,573.38,315.15,816.73,output_crops\images\p121_q0609.png
121,0610,1,331.15,66.01,628.3,268.97,output_crops\images\p121_q0610.png
121,0611,1,331.15,266.97,628.3,557.17,output_crops\images\p121_q0611.png
121,0612,1,331.15,555.17,628.3,816.73,output_crops\images\p121_q0612.png
122,0613,0,18,80.18,315.15,254.43,output_crops\images\p122_q0613.png
122,0614,0,18,252.43,315.15,434.34,output_crops\images\p122_q0614.png
122,0615,0,18,432.34,315.15,613.77,output_crops\images\p122_q0615.png
122,0616,0,18,611.77,315.15,816.73,output_crops\images\p122_q0616.png
122,0617,1,331.15,66.01,628.3,293.74,output_crops\images\p122_q0617.png
122,0618,1,331.15,291.74,628.3,585.85,output_crops\images\p122_q0618.png
122,0619,1,331.15,583.85,628.3,816.73,output_crops\images\p122_q0619.png
123,0620,0,18,66.01,315.15,239.01,output_crops\images\p123_q0620.png
123,0621,0,18,237.01,315.15,438.0,output_crops\images\p123_q0621.png
123,0622,0,18,436.0,315.15,612.55,output_crops\images\p123_q0622.png
123,0623,0,18,610.55,315.15,816.73,output_crops\images\p123_q0623.png
123,0624,1,331.15,66.01,628.3,320.04,output_crops\images\p123_q0624.png
123,0625,1,331.15,318.04,628.3,546.15,output_crops\images\p123_q0625.png
123,0626,1,331.15,544.15,628.3,816.73,output_crops\images\p123_q0626.png
124,0627,0,18,80.18,315.15,335.35,output_crops\images\p124_q0627.png
124,0628,0,18,333.35,315.15,556.52,output_crops\images\p124_q0628.png
124,0629,0,18,554.52,315.15,816.73,output_crops\images\p124_q0629.png
124,0630,1,331.15,66.01,628.3,282.59,output_crops\images\p124_q0630.png
124,0631,1,331.15,280.59,628.3,525.64,output_crops\images\p124_q0631.png
124,0632,1,331.15,523.64,628.3,695.43,output_crops\images\p124_q0632.png
124,5000,1,331.15,693.43,628.3,816.73,output_crops\images\p124_q5000.png
127,0633,0,18,126.96,315.15,318.36,output_crops\images\p127_q0633.png
127,0634,0,18,316.36,315.15,563.17,output_crops\images\p127_q0634.png
127,0635,0,18,561.17,315.15,816.73,output_crops\images\p127_q0635.png
127,0636,1,331.15,94.36,628.3,437.91,output_crops\images\p127_q0636.png
127,0637,1,331.15,435.91,628.3,620.89,output_crops\images\p127_q0637.png
127,0638,1,331.15,618.89,628.3,816.73,output_crops\images\p127_q0638.png
129,0639,0,18,126.96,315.15,325.62,output_crops\images\p129_q0639.png
129,0640,0,18,323.62,315.15,522.12,output_crops\images\p129_q0640.png
129,0641,0,18,520.12,315.15,816.73,output_crops\images\p129_q0641.png
129,0642,1,331.15,126.96,628.3,343.18,output_crops\images\p129_q0642.png
129,0643,1,331.15,341.18,628.3,528.64,output_crops\images\p129_q0643.png
129,0644,1,331.15,526.64,628.3,816.73,output_crops\images\p129_q0644.png
130,0645,0,18,443.0,315.15,816.73,output_crops\images\p130_q0645.png
130,0646,1,331.15,410.4,628.3,816.73,output_crops\images\p130_q0646.png
131,0647,0,18,289.32,315.15,428.59,output_crops\images\p131_q0647.png
131,0648,0,18,426.59,315.15,637.26,output_crops\images\p131_q0648.png
131,0649,0,18,635.26,315.15,816.73,output_crops\images\p131_q0649.png
131,0650,1,331.15,66.01,628.3,431.79,output_crops\images\p131_q0650.png
131,0651,1,331.15,429.79,628.3,628.45,output_crops\images\p131_q0651.png
131,0652,1,331.15,626.45,628.3,816.73,output_crops\images\p131_q0652.png
132,0653,0,18,80.18,315.15,257.83,output_crops\images\p132_q0653.png
132,0654,0,18,255.83,315.15,613.75,output_crops\images\p132_q0654.png
132,0655,0,18,611.75,315.15,816.73,output_crops\images\p132_q0655.png
132,0656,1,331.15,66.01,628.3,302.62,output_crops\images\p132_q0656.png
132,0657,1,331.15,300.62,628.3,539.82,output_crops\images\p132_q0657.png
132,0658,1,331.15,537.82,628.3,816.73,output_crops\images\p132_q0658.png
133,0659,0,18,66.01,315.15,248.17,output_crops\images\p133_q0659.png
133,0660,0,18,246.17,315.15,610.75,output_crops\images\p133_q0660.png
133,0661,0,18,608.75,315.15,816.73,output_crops\images\p133_q0661.png
133,0662,1,331.15,66.01,628.3,283.27,output_crops\images\p133_q0662.png
133,0663,1,331.15,281.27,628.3,509.17,output_crops\images\p133_q0663.png
133,0664,1,331.15,507.17,628.3,816.73,output_crops\images\p133_q0664.png
134,0665,0,18,80.18,315.15,413.36,output_crops\images\p134_q0665.png
134,0666,0,18,411.36,315.15,607.2,output_crops\images\p134_q0666.png
134,0667,0,18,605.2,315.15,816.73,output_crops\images\p134_q0667.png
134,0668,1,331.15,66.01,628.3,454.77,output_crops\images\p134_q0668.png
134,0669,1,331.15,452.77,628.3,816.73,output_crops\images\p134_q0669.png
135,0670,0,18,66.01,315.15,202.79,output_crops\images\p135_q0670.png
135,0671,0,18,200.79,315.15,446.51,output_crops\images\p135_q0671.png
135,0672,0,18,444.51,315.15,816.73,output_crops\images\p135_q0672.png
135,0673,1,331.15,66.01,628.3,414.66,output_crops\images\p135_q0673.png
135,0674,1,331.15,412.66,628.3,603.57,output_crops\images\p135_q0674.png
135,0675,1,331.15,601.57,628.3,816.73,output_crops\images\p135_q0675.png
136,0676,0,18,80.18,315.15,441.93,output_crops\images\p136_q0676.png
136,0677,0,18,439.93,315.15,609.81,output_crops\images\p136_q0677.png
136,0678,0,18,607.81,315.15,816.73,output_crops\images\p136_q0678.png
136,0679,1,331.15,66.01,628.3,297.82,output_crops\images\p136_q0679.png
136,0680,1,331.15,295.82,628.3,547.88,output_crops\images\p136_q0680.png
136,0681,1,331.15,545.88,628.3,816.73,output_crops\images\p136_q0681.png
137,0682,0,18,66.01,315.15,405.37,output_crops\images\p137_q0682.png
137,0683,0,18,403.37,315.15,599.53,output_crops\images\p137_q0683.png
137,0684,0,18,597.53,315.15,816.73,output_crops\images\p137_q0684.png
137,0685,1,331.15,66.01,628.3,318.33,output_crops\images\p137_q0685.png
137,0686,1,331.15,316.33,628.3,539.89,output_crops\images\p137_q0686.png
137,0687,1,331.15,537.89,628.3,816.73,output_crops\images\p137_q0687.png
138,0688,0,18,182.84,315.15,415.03,output_crops\images\p138_q0688.png
138,0689,0,18,413.03,315.15,816.73,output_crops\images\p138_q0689.png
138,0690,1,331.15,66.01,628.3,292.48,output_crops\images\p138_q0690.png
138,0691,1,331.15,290.48,628.3,532.96,output_crops\images\p138_q0691.png
138,0692,1,331.15,530.96,628.3,816.73,output_crops\images\p138_q0692.png
139,0693,0,18,66.01,315.15,235.51,output_crops\images\p139_q0693.png
139,0694,0,18,233.51,315.15,621.93,output_crops\images\p139_q0694.png
139,0695,0,18,619.93,315.15,816.73,output_crops\images\p139_q0695.png
139,0696,1,331.15,66.01,628.3,315.9,output_crops\images\p139_q0696.png
139,0697,1,331.15,313.9,628.3,583.32,output_crops\images\p139_q0697.png
139,0698,1,331.15,581.32,628.3,816.73,output_crops\images\p139_q0698.png
140,0699,0,18,80.18,315.15,326.05,output_crops\images\p140_q0699.png
140,0700,0,18,324.05,315.15,561.84,output_crops\images\p140_q0700.png
140,0701,0,18,559.84,315.15,816.73,output_crops\images\p140_q0701.png
140,0702,1,331.15,66.01,628.3,468.57,output_crops\images\p140_q0702.png
140,0703,1,331.15,466.57,628.3,623.13,output_crops\images\p140_q0703.png
140,0704,1,331.15,621.13,628.3,816.73,output_crops\images\p140_q0704.png
141,0705,0,18,66.01,315.15,287.65,output_crops\images\p141_q0705.png
141,0706,0,18,285.65,315.15,503.04,output_crops\images\p141_q0706.png
141,0707,0,18,501.04,315.15,816.73,output_crops\images\p141_q0707.png
141,0708,1,331.15,246.81,628.3,475.93,output_crops\images\p141_q0708.png
141,0709,1,331.15,473.93,628.3,634.81,output_crops\images\p141_q0709.png
141,0710,1,331.15,632.81,628.3,816.73,output_crops\images\p141_q0710.png
142,0711,0,18,276.73,315.15,445.05,output_crops\images\p142_q0711.png
142,0712,0,18,443.05,315.15,611.37,output_crops\images\p142_q0712.png
142,0713,0,18,609.37,315.15,816.73,output_crops\images\p142_q0713.png
142,0714,1,331.15,66.01,628.3,435.78,output_crops\images\p142_q0714.png
142,0715,1,331.15,433.78,628.3,589.05,output_crops\images\p142_q0715.png
142,0716,1,331.15,587.05,628.3,816.73,output_crops\images\p142_q0716.png
143,0717,0,18,66.01,315.15,259.72,output_crops\images\p143_q0717.png
143,0718,0,18,257.72,315.15,614.49,output_crops\images\p143_q0718.png
143,0719,0,18,612.49,315.15,816.73,output_crops\images\p143_q0719.png
143,0720,1,331.15,66.01,628.3,317.29,output_crops\images\p143_q0720.png
143,0721,1,331.15,315.29,628.3,573.57,output_crops\images\p143_q0721.png
143,0722,1,331.15,571.57,628.3,816.73,output_crops\images\p143_q0722.png
144,0723,0,18,94.36,315.15,284.55,output_crops\images\p144_q0723.png
144,0724,0,18,282.55,315.15,440.66,output_crops\images\p144_q0724.png
144,0725,0,18,438.66,315.15,611.85,output_crops\images\p144_q0725.png
144,0726,0,18,609.85,315.15,816.73,output_crops\images\p144_q0726.png
144,0727,1,331.15,66.01,628.3,316.73,output_crops\images\p144_q0727.png
144,0728,1,331.15,314.73,628.3,560.96,output_crops\images\p144_q0728.png
144,0729,1,331.15,558.96,628.3,816.73,output_crops\images\p144_q0729.png
145,0730,0,18,66.01,315.15,285.48,output_crops\images\p145_q0730.png
145,0731,0,18,283.48,315.15,517.96,output_crops\images\p145_q0731.png
145,0732,0,18,515.96,315.15,816.73,output_crops\images\p145_q0732.png
145,0733,1,331.15,66.01,628.3,326.67,output_crops\images\p145_q0733.png
145,0734,1,331.15,324.67,628.3,557.58,output_crops\images\p145_q0734.png
145,0735,1,331.15,555.58,628.3,816.73,output_crops\images\p145_q0735.png
146,0736,0,18,80.18,315.15,330.02,output_crops\images\p146_q0736.png
146,0737,0,18,328.02,315.15,545.85,output_crops\images\p146_q0737.png
146,0738,0,18,543.85,315.15,816.73,output_crops\images\p146_q0738.png
146,0739,1,331.15,66.01,628.3,298.0,output_crops\images\p146_q0739.png
146,0740,1,331.15,296.0,628.3,524.38,output_crops\images\p146_q0740.png
146,0741,1,331.15,522.38,628.3,816.73,output_crops\images\p146_q0741.png
149,0742,0,18,126.96,315.15,328.54,output_crops\images\p149_q0742.png
149,0743,0,18,326.54,315.15,516.78,output_crops\images\p149_q0743.png
149,0744,0,18,514.78,315.15,816.73,output_crops\images\p149_q0744.png
149,0745,1,331.15,126.96,628.3,281.83,output_crops\images\p149_q0745.png
149,0746,1,331.15,279.83,628.3,509.51,output_crops\images\p149_q0746.png
149,0747,1,331.15,507.51,628.3,816.73,output_crops\images\p149_q0747.png
150,0748,0,18,265.9,315.15,411.12,output_crops\images\p150_q0748.png
150,0749,0,18,409.12,315.15,634.1,output_crops\images\p150_q0749.png
150,0750,0,18,632.1,315.15,816.73,output_crops\images\p150_q0750.png
150,0751,1,331.15,66.01,628.3,240.9,output_crops\images\p150_q0751.png
150,0752,1,331.15,238.9,628.3,589.72,output_crops\images\p150_q0752.png
150,0753,1,331.15,587.72,628.3,816.73,output_crops\images\p150_q0753.png
151,0754,0,18,66.01,315.15,291.17,output_crops\images\p151_q0754.png
151,0755,0,18,289.17,315.15,522.79,output_crops\images\p151_q0755.png
151,0756,0,18,520.79,315.15,816.73,output_crops\images\p151_q0756.png
151,0757,1,331.15,66.01,628.3,231.28,output_crops\images\p151_q0757.png
151,0758,1,331.15,229.28,628.3,614.41,output_crops\images\p151_q0758.png
151,0759,1,331.15,612.41,628.3,816.73,output_crops\images\p151_q0759.png
152,0760,0,18,80.18,315.15,332.52,output_crops\images\p152_q0760.png
152,0761,0,18,330.52,315.15,562.6,output_crops\images\p152_q0761.png
152,0762,0,18,560.6,315.15,816.73,output_crops\images\p152_q0762.png
152,0763,1,331.15,235.72,628.3,410.95,output_crops\images\p152_q0763.png
152,0764,1,331.15,408.95,628.3,620.44,output_crops\images\p152_q0764.png
152,0765,1,331.15,618.44,628.3,816.73,output_crops\images\p152_q0765.png
153,0766,0,18,66.01,315.15,448.08,output_crops\images\p153_q0766.png
153,0767,0,18,446.08,315.15,615.09,output_crops\images\p153_q0767.png
153,0768,0,18,613.09,315.15,816.73,output_crops\images\p153_q0768.png
153,0769,1,331.15,66.01,628.3,307.96,output_crops\images\p153_q0769.png
153,0770,1,331.15,305.96,628.3,554.28,output_crops\images\p153_q0770.png
153,0771,1,331.15,552.28,628.3,816.73,output_crops\images\p153_q0771.png
154,0772,0,18,257.5,315.15,431.98,output_crops\images\p154_q0772.png
154,0773,0,18,429.98,315.15,620.47,output_crops\images\p154_q0773.png
154,0774,0,18,618.47,315.15,816.73,output_crops\images\p154_q0774.png
154,0775,1,331.15,66.01,628.3,455.69,output_crops\images\p154_q0775.png
154,0776,1,331.15,453.69,628.3,618.17,output_crops\images\p154_q0776.png
154,0777,1,331.15,616.17,628.3,816.73,output_crops\images\p154_q0777.png
155,0778,0,18,66.01,315.15,292.48,output_crops\images\p155_q0778.png
155,0779,0,18,290.48,315.15,553.21,output_crops\images\p155_q0779.png
155,0780,0,18,551.21,315.15,816.73,output_crops\images\p155_q0780.png
155,0781,1,331.15,330.4,628.3,486.16,output_crops\images\p155_q0781.png
155,0782,1,331.15,484.16,628.3,639.92,output_crops\images\p155_q0782.png
155,0783,1,331.15,637.92,628.3,816.73,output_crops\images\p155_q0783.png
156,0784,0,18,83.02,315.15,289.69,output_crops\images\p156_q0784.png
156,0785,0,18,287.69,315.15,605.01,output_crops\images\p156_q0785.png
156,0786,0,18,603.01,315.15,816.73,output_crops\images\p156_q0786.png
156,0787,1,331.15,66.01,628.3,351.74,output_crops\images\p156_q0787.png
156,0788,1,331.15,349.74,628.3,572.71,output_crops\images\p156_q0788.png
156,0789,1,331.15,570.71,628.3,816.73,output_crops\images\p156_q0789.png
157,0790,0,18,66.01,315.15,397.88,output_crops\images\p157_q0790.png
157,0791,0,18,395.88,315.15,596.19,output_crops\images\p157_q0791.png
157,0792,0,18,594.19,315.15,816.73,output_crops\images\p157_q0792.png
157,0793,1,331.15,66.01,628.3,224.49,output_crops\images\p157_q0793.png
157,0794,1,331.15,222.49,628.3,384.33,output_crops\images\p157_q0794.png
157,0795,1,331.15,382.33,628.3,816.73,output_crops\images\p157_q0795.png
158,0796,0,18,259.89,315.15,411.05,output_crops\images\p158_q0796.png
158,0797,0,18,409.05,315.15,577.99,output_crops\images\p158_q0797.png
158,0798,0,18,575.99,315.15,816.73,output_crops\images\p158_q0798.png
158,0799,1,331.15,68.85,628.3,291.58,output_crops\images\p158_q0799.png
158,0800,1,331.15,289.58,628.3,530.3,output_crops\images\p158_q0800.png
158,0801,1,331.15,528.3,628.3,816.73,output_crops\images\p158_q0801.png
159,0802,0,18,215.32,315.15,429.75,output_crops\images\p159_q0802.png
159,0803,0,18,427.75,315.15,614.78,output_crops\images\p159_q0803.png
159,0804,0,18,612.78,315.15,816.73,output_crops\images\p159_q0804.png
159,0805,1,331.15,66.01,628.3,428.15,output_crops\images\p159_q0805.png
159,0806,1,331.15,426.15,628.3,618.73,output_crops\images\p159_q0806.png
159,0807,1,331.15,616.73,628.3,816.73,output_crops\images\p159_q0807.png
160,0808,0,18,80.18,315.15,266.85,output_crops\images\p160_q0808.png
160,0809,0,18,264.85,315.15,608.41,output_crops\images\p160_q0809.png
160,0810,0,18,606.41,315.15,816.73,output_crops\images\p160_q0810.png
160,0811,1,331.15,66.01,628.3,248.13,output_crops\images\p160_q0811.png
160,0812,1,331.15,246.13,628.3,418.93,output_crops\images\p160_q0812.png
160,0813,1,331.15,416.93,628.3,597.56,output_crops\images\p160_q0813.png
160,0814,1,331.15,595.56,628.3,816.73,output_crops\images\p160_q0814.png
161,0815,0,18,274.47,315.15,458.23,output_crops\images\p161_q0815.png
161,0816,0,18,456.23,315.15,624.98,output_crops\images\p161_q0816.png
161,0817,0,18,622.98,315.15,816.73,output_crops\images\p161_q0817.png
161,0818,1,331.15,66.01,628.3,246.59,output_crops\images\p161_q0818.png
161,0819,1,331.15,244.59,628.3,429.61,output_crops\images\p161_q0819.png
161,0820,1,331.15,427.61,628.3,611.9,output_crops\images\p161_q0820.png
161,0821,1,331.15,609.9,628.3,816.73,output_crops\images\p161_q0821.png
162,0822,0,18,80.18,315.15,457.68,output_crops\images\p162_q0822.png
162,0823,0,18,455.68,315.15,626.96,output_crops\images\p162_q0823.png
162,0824,0,18,624.96,315.15,816.73,output_crops\images\p162_q0824.png
162,0825,1,331.15,66.01,628.3,404.2,output_crops\images\p162_q0825.png
162,0826,1,331.15,402.2,628.3,617.06,output_crops\images\p162_q0826.png
162,0827,1,331.15,615.06,628.3,816.73,output_crops\images\p162_q0827.png
163,0828,0,18,66.01,315.15,278.02,output_crops\images\p163_q0828.png
163,0829,0,18,276.02,315.15,641.93,output_crops\images\p163_q0829.png
163,0830,0,18,639.93,315.15,816.73,output_crops\images\p163_q0830.png
163,0831,1,331.15,66.01,628.3,253.68,output_crops\images\p163_q0831.png
163,0832,1,331.15,251.68,628.3,423.35,output_crops\images\p163_q0832.png
163,0833,1,331.15,421.35,628.3,608.01,output_crops\images\p163_q0833.png
163,0834,1,331.15,606.01,628.3,816.73,output_crops\images\p163_q0834.png
164,0835,0,18,94.36,315.15,334.4,output_crops\images\p164_q0835.png
164,0836,0,18,332.4,315.15,564.55,output_crops\images\p164_q0836.png
164,0837,0,18,562.55,315.15,816.73,output_crops\images\p164_q0837.png
164,0838,1,331.15,68.85,628.3,249.43,output_crops\images\p164_q0838.png
164,0839,1,331.15,247.43,628.3,416.27,output_crops\images\p164_q0839.png
164,0840,1,331.15,414.27,628.3,615.1,output_crops\images\p164_q0840.png
164,0841,1,331.15,613.1,628.3,816.73,output_crops\images\p164_q0841.png
165,0842,0,18,66.01,315.15,255.97,output_crops\images\p165_q0842.png
165,0843,0,18,253.97,315.15,443.93,output_crops\images\p165_q0843.png
165,0844,0,18,441.93,315.15,620.49,output_crops\images\p165_q0844.png
165,0845,0,18,618.49,315.15,816.73,output_crops\images\p165_q0845.png
165,0846,1,331.15,66.01,628.3,243.95,output_crops\images\p165_q0846.png
165,0847,1,331.15,241.95,628.3,414.71,output_crops\images\p165_q0847.png
165,0848,1,331.15,412.71,628.3,606.05,output_crops\images\p165_q0848.png
165,0849,1,331.15,604.05,628.3,816.73,output_crops\images\p165_q0849.png
166,0850,0,18,80.18,315.15,266.63,output_crops\images\p166_q0850.png
166,0851,0,18,264.63,315.15,442.84,output_crops\images\p166_q0851.png
166,0852,0,18,440.84,315.15,614.69,output_crops\images\p166_q0852.png
166,0853,0,18,612.69,315.15,816.73,output_crops\images\p166_q0853.png
166,0854,1,331.15,66.01,628.3,230.52,output_crops\images\p166_q0854.png
166,0855,1,331.15,228.52,628.3,404.1,output_crops\images\p166_q0855.png
166,0856,1,331.15,402.1,628.3,585.43,output_crops\images\p166_q0856.png
166,0857,1,331.15,583.43,628.3,816.73,output_crops\images\p166_q0857.png
169,0858,0,18,126.96,315.15,275.95,output_crops\images\p169_q0858.png
169,0859,0,18,273.95,315.15,462.2,output_crops\images\p169_q0859.png
169,0860,0,18,460.2,315.15,816.73,output_crops\images\p169_q0860.png
169,0861,1,331.15,94.36,628.3,315.58,output_crops\images\p169_q0861.png
169,0862,1,331.15,313.58,628.3,534.35,output_crops\images\p169_q0862.png
169,0863,1,331.15,532.35,628.3,816.73,output_crops\images\p169_q0863.png
171,0864,0,18,126.96,315.15,390.66,output_crops\images\p171_q0864.png
171,0865,0,18,388.66,315.15,614.23,output_crops\images\p171_q0865.png
171,0866,0,18,612.23,315.15,816.73,output_crops\images\p171_q0866.png
171,0867,1,331.15,94.36,628.3,283.63,output_crops\images\p171_q0867.png
171,0868,1,331.15,281.63,628.3,448.3,output_crops\images\p171_q0868.png
171,0869,1,331.15,446.3,628.3,628.19,output_crops\images\p171_q0869.png
171,0870,1,331.15,626.19,628.3,816.73,output_crops\images\p171_q0870.png
172,0871,0,18,221.96,315.15,408.54,output_crops\images\p172_q0871.png
172,0872,0,18,406.54,315.15,609.11,output_crops\images\p172_q0872.png
172,0873,0,18,607.11,315.15,816.73,output_crops\images\p172_q0873.png
172,0874,1,331.15,66.01,628.3,341.95,output_crops\images\p172_q0874.png
172,0875,1,331.15,339.95,628.3,571.99,output_crops\images\p172_q0875.png
172,0876,1,331.15,569.99,628.3,816.73,output_crops\images\p172_q0876.png
173,0877,0,18,66.01,315.15,354.74,output_crops\images\p173_q0877.png
173,0878,0,18,352.74,315.15,582.21,output_crops\images\p173_q0878.png
173,0879,0,18,580.21,315.15,816.73,output_crops\images\p173_q0879.png
173,0880,1,331.15,163.12,628.3,353.38,output_crops\images\p173_q0880.png
173,0881,1,331.15,351.38,628.3,569.39,output_crops\images\p173_q0881.png
173,0882,1,331.15,567.39,628.3,816.73,output_crops\images\p173_q0882.png
174,0883,0,18,80.18,315.15,269.86,output_crops\images\p174_q0883.png
174,0884,0,18,267.86,315.15,605.2,output_crops\images\p174_q0884.png
174,0885,0,18,603.2,315.15,816.73,output_crops\images\p174_q0885.png
174,0886,1,331.15,66.01,628.3,233.26,output_crops\images\p174_q0886.png
174,0887,1,331.15,231.26,628.3,635.93,output_crops\images\p174_q0887.png
174,0888,1,331.15,633.93,628.3,816.73,output_crops\images\p174_q0888.png
175,0889,0,18,66.01,315.15,257.85,output_crops\images\p175_q0889.png
175,0890,0,18,255.85,315.15,428.83,output_crops\images\p175_q0890.png
175,0891,0,18,426.83,315.15,615.93,output_crops\images\p175_q0891.png
175,0892,0,18,613.93,315.15,816.73,output_crops\images\p175_q0892.png
175,0893,1,331.15,269.29,628.3,444.76,output_crops\images\p175_q0893.png
175,0894,1,331.15,442.76,628.3,611.22,output_crops\images\p175_q0894.png
175,0895,1,331.15,609.22,628.3,816.73,output_crops\images\p175_q0895.png
176,0896,0,18,80.18,315.15,243.16,output_crops\images\p176_q0896.png
176,0897,0,18,241.16,315.15,590.46,output_crops\images\p176_q0897.png
176,0898,0,18,588.46,315.15,816.73,output_crops\images\p176_q0898.png
176,0899,1,331.15,66.01,628.3,324.32,output_crops\images\p176_q0899.png
176,0900,1,331.15,322.32,628.3,596.63,output_crops\images\p176_q0900.png
176,0901,1,331.15,594.63,628.3,816.73,output_crops\images\p176_q0901.png
177,0902,0,18,66.01,315.15,263.36,output_crops\images\p177_q0902.png
177,0903,0,18,261.36,315.15,598.33,output_crops\images\p177_q0903.png
177,0904,0,18,596.33,315.15,816.73,output_crops\images\p177_q0904.png
177,0905,1,331.15,66.01,628.3,320.23,output_crops\images\p177_q0905.png
177,0906,1,331.15,318.23,628.3,556.46,output_crops\images\p177_q0906.png
177,0907,1,331.15,554.46,628.3,816.73,output_crops\images\p177_q0907.png
178,0908,0,18,80.18,315.15,434.34,output_crops\images\p178_q0908.png
178,0909,0,18,432.34,315.15,609.22,output_crops\images\p178_q0909.png
178,0910,0,18,607.22,315.15,816.73,output_crops\images\p178_q0910.png
178,0911,1,331.15,66.01,628.3,311.5,output_crops\images\p178_q0911.png
178,0912,1,331.15,309.5,628.3,516.7,output_crops\images\p178_q0912.png
178,0913,1,331.15,514.7,628.3,816.73,output_crops\images\p178_q0913.png
179,0914,0,18,66.01,315.15,464.11,output_crops\images\p179_q0914.png
179,0915,0,18,462.11,315.15,629.59,output_crops\images\p179_q0915.png
179,0916,0,18,627.59,315.15,816.73,output_crops\images\p179_q0916.png
179,0917,1,331.15,66.01,628.3,244.8,output_crops\images\p179_q0917.png
179,0918,1,331.15,242.8,628.3,621.99,output_crops\images\p179_q0918.png
179,0919,1,331.15,619.99,628.3,816.73,output_crops\images\p179_q0919.png
180,0920,0,18,80.18,315.15,304.66,output_crops\images\p180_q0920.png
180,0921,0,18,302.66,315.15,535.56,output_crops\images\p180_q0921.png
180,0922,0,18,533.56,315.15,816.73,output_crops\images\p180_q0922.png
180,0923,1,331.15,179.12,628.3,412.67,output_crops\images\p180_q0923.png
180,0924,1,331.15,410.67,628.3,549.55,output_crops\images\p180_q0924.png
180,0925,1,331.15,547.55,628.3,816.73,output_crops\images\p180_q0925.png
181,0926,0,18,66.01,315.15,261.23,output_crops\images\p181_q0926.png
181,0927,0,18,259.23,315.15,596.28,output_crops\images\p181_q0927.png
181,0928,0,18,594.28,315.15,816.73,output_crops\images\p181_q0928.png
181,0929,1,331.15,66.01,628.3,305.99,output_crops\images\p181_q0929.png
181,0930,1,331.15,303.99,628.3,491.71,output_crops\images\p181_q0930.png
181,0931,1,331.15,489.71,628.3,816.73,output_crops\images\p181_q0931.png
182,0932,0,18,80.18,315.15,473.88,output_crops\images\p182_q0932.png
182,0933,0,18,471.88,315.15,659.81,output_crops\images\p182_q0933.png
182,0934,0,18,657.81,315.15,816.73,output_crops\images\p182_q0934.png
182,0935,1,331.15,66.01,628.3,338.56,output_crops\images\p182_q0935.png
182,0936,1,331.15,336.56,628.3,567.32,output_crops\images\p182_q0936.png
182,0937,1,331.15,565.32,628.3,816.73,output_crops\images\p182_q0937.png
183,0938,0,18,66.01,315.15,277.45,output_crops\images\p183_q0938.png
183,0939,0,18,275.45,315.15,604.9,output_crops\images\p183_q0939.png
183,0940,0,18,602.9,315.15,816.73,output_crops\images\p183_q0940.png
183,0941,1,331.15,66.01,628.3,308.19,output_crops\images\p183_q0941.png
183,0942,1,331.15,306.19,628.3,551.39,output_crops\images\p183_q0942.png
183,0943,1,331.15,549.39,628.3,816.73,output_crops\images\p183_q0943.png
184,0944,0,18,177.29,315.15,383.41,output_crops\images\p184_q0944.png
184,0945,0,18,381.41,315.15,582.82,output_crops\images\p184_q0945.png
184,0946,0,18,580.82,315.15,816.73,output_crops\images\p184_q0946.png
184,0947,1,331.15,66.01,628.3,388.75,output_crops\images\p184_q0947.png
184,0948,1,331.15,386.75,628.3,583.21,output_crops\images\p184_q0948.png
184,0949,1,331.15,581.21,628.3,816.73,output_crops\images\p184_q0949.png
185,0950,0,18,66.01,315.15,264.14,output_crops\images\p185_q0950.png
185,0951,0,18,262.14,315.15,597.55,output_crops\images\p185_q0951.png
185,0952,0,18,595.55,315.15,816.73,output_crops\images\p185_q0952.png
185,0953,1,331.15,66.01,628.3,307.92,output_crops\images\p185_q0953.png
185,0954,1,331.15,305.92,628.3,547.83,output_crops\images\p185_q0954.png
185,0955,1,331.15,545.83,628.3,816.73,output_crops\images\p185_q0955.png
186,0956,0,18,80.18,315.15,546.1,output_crops\images\p186_q0956.png
186,0957,0,18,544.1,315.15,816.73,output_crops\images\p186_q0957.png
186,0958,1,331.15,66.01,628.3,251.6,output_crops\images\p186_q0958.png
186,0959,1,331.15,249.6,628.3,432.93,output_crops\images\p186_q0959.png
186,0960,1,331.15,430.93,628.3,607.9,output_crops\images\p186_q0960.png
186,0961,1,331.15,605.9,628.3,816.73,output_crops\images\p186_q0961.png
187,0962,0,18,94.36,315.15,304.54,output_crops\images\p187_q0962.png
187,0963,0,18,302.54,315.15,552.61,output_crops\images\p187_q0963.png
187,0964,0,18,550.61,315.15,816.73,output_crops\images\p187_q0964.png
187,0965,1,331.15,66.01,628.3,257.96,output_crops\images\p187_q0965.png
187,0966,1,331.15,255.96,628.3,449.29,output_crops\images\p187_q0966.png
187,0967,1,331.15,447.29,628.3,621.25,output_crops\images\p187_q0967.png
187,0968,1,331.15,619.25,628.3,816.73,output_crops\images\p187_q0968.png
188,0969,0,18,80.18,315.15,332.52,output_crops\images\p188_q0969.png
188,0970,0,18,330.52,315.15,547.6,output_crops\images\p188_q0970.png
188,0971,0,18,545.6,315.15,816.73,output_crops\images\p188_q0971.png
188,0972,1,331.15,66.01,628.3,370.44,output_crops\images\p188_q0972.png
188,0973,1,331.15,368.44,628.3,588.82,output_crops\images\p188_q0973.png
188,0974,1,331.15,586.82,628.3,816.73,output_crops\images\p188_q0974.png
189,0975,0,18,66.01,315.15,254.44,output_crops\images\p189_q0975.png
189,0976,0,18,252.44,315.15,432.58,output_crops\images\p189_q0976.png
189,0977,0,18,430.58,315.15,607.25,output_crops\images\p189_q0977.png
189,0978,0,18,605.25,315.15,816.73,output_crops\images\p189_q0978.png
189,0979,1,331.15,66.01,628.3,332.84,output_crops\images\p189_q0979.png
189,0980,1,331.15,330.84,628.3,587.27,output_crops\images\p189_q0980.png
189,0981,1,331.15,585.27,628.3,816.73,output_crops\images\p189_q0981.png
190,0982,0,18,80.18,315.15,264.47,output_crops\images\p190_q0982.png
190,0983,0,18,262.47,315.15,433.36,output_crops\images\p190_q0983.png
190,0984,0,18,431.36,315.15,615.64,output_crops\images\p190_q0984.png
190,0985,0,18,613.64,315.15,816.73,output_crops\images\p190_q0985.png
190,0986,1,331.15,66.01,628.3,283.46,output_crops\images\p190_q0986.png
190,0987,1,331.15,281.46,628.3,527.93,output_crops\images\p190_q0987.png
190,0988,1,331.15,525.93,628.3,816.73,output_crops\images\p190_q0988.png
193,0989,0,18,126.96,315.15,368.28,output_crops\images\p193_q0989.png
193,0990,0,18,366.28,315.15,579.86,output_crops\images\p193_q0990.png
193,0991,0,18,577.86,315.15,816.73,output_crops\images\p193_q0991.png
193,0992,1,331.15,94.36,628.3,362.82,output_crops\images\p193_q0992.png
193,0993,1,331.15,360.82,628.3,548.11,output_crops\images\p193_q0993.png
193,0994,1,331.15,546.11,628.3,816.73,output_crops\images\p193_q0994.png
195,0995,0,18,126.96,315.15,302.83,output_crops\images\p195_q0995.png
195,0996,0,18,300.83,315.15,594.82,output_crops\images\p195_q0996.png
195,0997,0,18,592.82,315.15,816.73,output_crops\images\p195_q0997.png
195,0998,1,331.15,97.19,628.3,356.52,output_crops\images\p195_q0998.png
195,0999,1,331.15,354.52,628.3,575.1,output_crops\images\p195_q0999.png
195,1000,1,331.15,573.1,628.3,816.73,output_crops\images\p195_q1000.png
196,1001,0,18,191.46,315.15,365.45,output_crops\images\p196_q1001.png
196,1002,0,18,363.45,315.15,553.44,output_crops\images\p196_q1002.png
196,1003,0,18,551.44,315.15,816.73,output_crops\images\p196_q1003.png
196,1004,1,331.15,66.01,628.3,245.58,output_crops\images\p196_q1004.png
196,1005,1,331.15,243.58,628.3,607.36,output_crops\images\p196_q1005.png
196,1006,1,331.15,605.36,628.3,816.73,output_crops\images\p196_q1006.png
197,1007,0,18,66.01,315.15,308.48,output_crops\images\p197_q1007.png
197,1008,0,18,306.48,315.15,532.96,output_crops\images\p197_q1008.png
197,1009,0,18,530.96,315.15,816.73,output_crops\images\p197_q1009.png
197,1010,1,331.15,147.12,628.3,293.76,output_crops\images\p197_q1010.png
197,1011,1,331.15,291.76,628.3,601.04,output_crops\images\p197_q1011.png
197,1012,1,331.15,599.04,628.3,816.73,output_crops\images\p197_q1012.png
198,1013,0,18,80.18,315.15,370.11,output_crops\images\p198_q1013.png
198,1014,0,18,368.11,315.15,600.02,output_crops\images\p198_q1014.png
198,1015,0,18,598.02,315.15,816.73,output_crops\images\p198_q1015.png
198,1016,1,331.15,66.01,628.3,296.49,output_crops\images\p198_q1016.png
198,1017,1,331.15,294.49,628.3,408.16,output_crops\images\p198_q1017.png
198,1100,1,331.15,406.16,628.3,601.45,output_crops\images\p198_q1100.png
198,1018,1,331.15,599.45,628.3,816.73,output_crops\images\p198_q1018.png
199,1019,0,18,66.01,315.15,284.71,output_crops\images\p199_q1019.png
199,1020,0,18,282.71,315.15,481.16,output_crops\images\p199_q1020.png
199,1021,0,18,479.16,315.15,816.73,output_crops\images\p199_q1021.png
199,1022,1,331.15,66.01,628.3,398.84,output_crops\images\p199_q1022.png
199,1023,1,331.15,396.84,628.3,586.13,output_crops\images\p199_q1023.png
199,1024,1,331.15,584.13,628.3,816.73,output_crops\images\p199_q1024.png
200,1025,0,18,80.18,315.15,251.3,output_crops\images\p200_q1025.png
200,1026,0,18,249.3,315.15,604.32,output_crops\images\p200_q1026.png
200,1027,0,18,602.32,315.15,816.73,output_crops\images\p200_q1027.png
200,1028,1,331.15,66.01,628.3,297.82,output_crops\images\p200_q1028.png
200,1029,1,331.15,295.82,628.3,563.87,output_crops\images\p200_q1029.png
200,1030,1,331.15,561.87,628.3,816.73,output_crops\images\p200_q1030.png
201,1031,0,18,66.01,315.15,446.22,output_crops\images\p201_q1031.png
201,1032,0,18,444.22,315.15,619.95,output_crops\images\p201_q1032.png
201,1033,0,18,617.95,315.15,816.73,output_crops\images\p201_q1033.png
201,1034,1,331.15,66.01,628.3,367.92,output_crops\images\p201_q1034.png
201,1035,1,331.15,365.92,628.3,580.8,output_crops\images\p201_q1035.png
201,1036,1,331.15,578.8,628.3,816.73,output_crops\images\p201_q1036.png
202,1037,0,18,80.18,315.15,279.52,output_crops\images\p202_q1037.png
202,1038,0,18,277.52,315.15,566.24,output_crops\images\p202_q1038.png
202,1039,0,18,564.24,315.15,816.73,output_crops\images\p202_q1039.png
202,1040,1,331.15,66.01,628.3,314.67,output_crops\images\p202_q1040.png
202,1041,1,331.15,312.67,628.3,546.18,output_crops\images\p202_q1041.png
202,1042,1,331.15,544.18,628.3,816.73,output_crops\images\p202_q1042.png
203,1043,0,18,176.13,315.15,407.48,output_crops\images\p203_q1043.png
203,1044,0,18,405.48,315.15,584.58,output_crops\images\p203_q1044.png
203,1045,0,18,582.58,315.15,816.73,output_crops\images\p203_q1045.png
203,1046,1,331.15,275.33,628.3,442.69,output_crops\images\p203_q1046.png
203,1047,1,331.15,440.69,628.3,628.31,output_crops\images\p203_q1047.png
203,1048,1,331.15,626.31,628.3,816.73,output_crops\images\p203_q1048.png
204,1049,0,18,80.18,315.15,339.7,output_crops\images\p204_q1049.png
204,1050,0,18,337.7,315.15,531.43,output_crops\images\p204_q1050.png
204,1051,0,18,529.43,315.15,816.73,output_crops\images\p204_q1051.png
204,1052,1,331.15,66.01,628.3,413.7,output_crops\images\p204_q1052.png
204,1053,1,331.15,411.7,628.3,585.57,output_crops\images\p204_q1053.png
204,1054,1,331.15,583.57,628.3,816.73,output_crops\images\p204_q1054.png
205,1055,0,18,66.01,315.15,247.28,output_crops\images\p205_q1055.png
205,1056,0,18,245.28,315.15,578.15,output_crops\images\p205_q1056.png
205,1057,0,18,576.15,315.15,816.73,output_crops\images\p205_q1057.png
205,1058,1,331.15,66.01,628.3,244.37,output_crops\images\p205_q1058.png
205,1059,1,331.15,242.37,628.3,420.72,output_crops\images\p205_q1059.png
205,1060,1,331.15,418.72,628.3,597.07,output_crops\images\p205_q1060.png
205,1061,1,331.15,595.07,628.3,816.73,output_crops\images\p205_q1061.png
206,1062,0,18,225.29,315.15,422.84,output_crops\images\p206_q1062.png
206,1063,0,18,420.84,315.15,618.44,output_crops\images\p206_q1063.png
206,1064,0,18,616.44,315.15,816.73,output_crops\images\p206_q1064.png
206,1065,1,331.15,66.01,628.3,217.33,output_crops\images\p206_q1065.png
206,1066,1,331.15,215.33,628.3,560.11,output_crops\images\p206_q1066.png
206,1067,1,331.15,558.11,628.3,816.73,output_crops\images\p206_q1067.png
207,1068,0,18,66.01,315.15,287.15,output_crops\images\p207_q1068.png
207,1069,0,18,285.15,315.15,522.29,output_crops\images\p207_q1069.png
207,1070,0,18,520.29,315.15,816.73,output_crops\images\p207_q1070.png
207,1071,1,331.15,214.32,628.3,414.44,output_crops\images\p207_q1071.png
207,1072,1,331.15,412.44,628.3,579.56,output_crops\images\p207_q1072.png
207,1073,1,331.15,577.56,628.3,816.73,output_crops\images\p207_q1073.png
208,1074,0,18,228.49,315.15,434.38,output_crops\images\p208_q1074.png
208,1075,0,18,432.38,315.15,602.03,output_crops\images\p208_q1075.png
208,1076,0,18,600.03,315.15,816.73,output_crops\images\p208_q1076.png
208,1077,1,331.15,66.01,628.3,428.63,output_crops\images\p208_q1077.png
208,1078,1,331.15,426.63,628.3,593.03,output_crops\images\p208_q1078.png
208,1079,1,331.15,591.03,628.3,816.73,output_crops\images\p208_q1079.png
209,1080,0,18,66.01,315.15,297.82,output_crops\images\p209_q1080.png
209,1081,0,18,295.82,315.15,527.62,output_crops\images\p209_q1081.png
209,1082,0,18,525.62,315.15,816.73,output_crops\images\p209_q1082.png
209,1083,1,331.15,182.35,628.3,363.29,output_crops\images\p209_q1083.png
209,1084,1,331.15,361.29,628.3,578.49,output_crops\images\p209_q1084.png
209,1085,1,331.15,576.49,628.3,816.73,output_crops\images\p209_q1085.png
210,1086,0,18,80.18,315.15,391.17,output_crops\images\p210_q1086.png
210,1087,0,18,389.17,315.15,592.42,output_crops\images\p210_q1087.png
210,1088,0,18,590.42,315.15,816.73,output_crops\images\p210_q1088.png
210,1089,1,331.15,66.01,628.3,256.37,output_crops\images\p210_q1089.png
210,1090,1,331.15,254.37,628.3,444.72,output_crops\images\p210_q1090.png
210,1091,1,331.15,442.72,628.3,601.07,output_crops\images\p210_q1091.png
210,1092,1,331.15,599.07,628.3,816.73,output_crops\images\p210_q1092.png
211,1093,0,18,66.01,315.15,400.25,output_crops\images\p211_q1093.png
211,1094,0,18,398.25,315.15,596.97,output_crops\images\p211_q1094.png
211,1095,0,18,594.97,315.15,816.73,output_crops\images\p211_q1095.png
211,1096,1,331.15,66.01,628.3,241.74,output_crops\images\p211_q1096.png
211,1097,1,331.15,239.74,628.3,583.7,output_crops\images\p211_q1097.png
211,1098,1,331.15,581.7,628.3,816.73,output_crops\images\p211_q1098.png
212,1099,0,18,80.18,315.15,338.18,output_crops\images\p212_q1099.png
212,1100,0,18,336.18,315.15,573.93,output_crops\images\p212_q1100.png
212,1101,0,18,571.93,315.15,816.73,output_crops\images\p212_q1101.png
212,1102,1,331.15,243.88,628.3,429.67,output_crops\images\p212_q1102.png
212,1103,1,331.15,427.67,628.3,610.71,output_crops\images\p212_q1103.png
212,1104,1,331.15,608.71,628.3,816.73,output_crops\images\p212_q1104.png
213,1105,0,18,94.36,315.15,301.02,output_crops\images\p213_q1105.png
213,1106,0,18,299.02,315.15,525.93,output_crops\images\p213_q1106.png
213,1107,0,18,523.93,315.15,816.73,output_crops\images\p213_q1107.png
213,1108,1,331.15,66.01,628.3,283.55,output_crops\images\p213_q1108.png
213,1109,1,331.15,281.55,628.3,446.85,output_crops\images\p213_q1109.png
213,1110,1,331.15,444.85,628.3,610.14,output_crops\images\p213_q1110.png
213,1111,1,331.15,608.14,628.3,816.73,output_crops\images\p213_q1111.png
214,1112,0,18,80.18,315.15,287.35,output_crops\images\p214_q1112.png
214,1113,0,18,285.35,315.15,540.52,output_crops\images\p214_q1113.png
214,1114,0,18,538.52,315.15,816.73,output_crops\images\p214_q1114.png
214,1115,1,331.15,66.01,628.3,236.37,output_crops\images\p214_q1115.png
214,1116,1,331.15,234.37,628.3,424.97,output_crops\images\p214_q1116.png
214,1117,1,331.15,422.97,628.3,625.33,output_crops\images\p214_q1117.png
214,1118,1,331.15,623.33,628.3,816.73,output_crops\images\p214_q1118.png
215,1119,0,18,66.01,315.15,260.62,output_crops\images\p215_q1119.png
215,1120,0,18,258.62,315.15,416.97,output_crops\images\p215_q1120.png
215,1121,0,18,414.97,315.15,637.33,output_crops\images\p215_q1121.png
215,1122,0,18,635.33,315.15,816.73,output_crops\images\p215_q1122.png
215,1123,1,331.15,66.01,628.3,334.07,output_crops\images\p215_q1123.png
215,1124,1,331.15,332.07,628.3,563.87,output_crops\images\p215_q1124.png
215,1125,1,331.15,561.87,628.3,816.73,output_crops\images\p215_q1125.png
216,1126,0,18,80.18,315.15,383.69,output_crops\images\p216_q1126.png
216,1127,0,18,381.69,315.15,572.69,output_crops\images\p216_q1127.png
216,1128,0,18,570.69,315.15,816.73,output_crops\images\p216_q1128.png
216,1129,1,331.15,66.01,628.3,292.72,output_crops\images\p216_q1129.png
216,1130,1,331.15,290.72,628.3,526.05,output_crops\images\p216_q1130.png
216,1131,1,331.15,524.05,628.3,816.73,output_crops\images\p216_q1131.png
219,1132,0,18,126.96,315.15,298.58,output_crops\images\p219_q1132.png
219,1133,0,18,296.58,315.15,468.2,output_crops\images\p219_q1133.png
219,1134,0,18,466.2,315.15,560.06,output_crops\images\p219_q1134.png
219,1135,0,18,558.06,315.15,816.73,output_crops\images\p219_q1135.png
219,1136,1,331.15,126.96,628.3,303.51,output_crops\images\p219_q1136.png
219,1137,1,331.15,301.51,628.3,479.08,output_crops\images\p219_q1137.png
219,1138,1,331.15,477.08,628.3,647.88,output_crops\images\p219_q1138.png
219,1139,1,331.15,645.88,628.3,816.73,output_crops\images\p219_q1139.png
221,1140,0,18,126.96,315.15,324.83,output_crops\images\p221_q1140.png
221,1141,0,18,322.83,315.15,472.7,output_crops\images\p221_q1141.png
221,1142,0,18,470.7,315.15,652.57,output_crops\images\p221_q1142.png
221,1143,0,18,650.57,315.15,816.73,output_crops\images\p221_q1143.png
221,1144,1,331.15,94.36,628.3,244.26,output_crops\images\p221_q1144.png
221,1145,1,331.15,242.26,628.3,427.4,output_crops\images\p221_q1145.png
221,1146,1,331.15,425.4,628.3,610.54,output_crops\images\p221_q1146.png
221,1147,1,331.15,608.54,628.3,816.73,output_crops\images\p221_q1147.png
222,1148,0,18,170.46,315.15,348.96,output_crops\images\p222_q1148.png
222,1149,0,18,346.96,315.15,525.46,output_crops\images\p222_q1149.png
222,1150,0,18,523.46,315.15,816.73,output_crops\images\p222_q1150.png
222,1151,1,331.15,66.01,628.3,415.86,output_crops\images\p222_q1151.png
222,1152,1,331.15,413.86,628.3,583.15,output_crops\images\p222_q1152.png
222,1153,1,331.15,581.15,628.3,816.73,output_crops\images\p222_q1153.png
223,1154,0,18,66.01,315.15,265.62,output_crops\images\p223_q1154.png
223,1155,0,18,263.62,315.15,419.97,output_crops\images\p223_q1155.png
223,1156,0,18,417.97,315.15,574.32,output_crops\images\p223_q1156.png
223,1157,0,18,572.32,315.15,816.73,output_crops\images\p223_q1157.png
223,1158,1,331.15,167.32,628.3,405.61,output_crops\images\p223_q1158.png
223,1159,1,331.15,403.61,628.3,637.39,output_crops\images\p223_q1159.png
223,1160,1,331.15,635.39,628.3,816.73,output_crops\images\p223_q1160.png
224,1161,0,18,80.18,315.15,444.61,output_crops\images\p224_q1161.png
224,1162,0,18,442.61,315.15,640.77,output_crops\images\p224_q1162.png
224,1163,0,18,638.77,315.15,816.73,output_crops\images\p224_q1163.png
224,1164,1,331.15,66.01,628.3,204.24,output_crops\images\p224_q1164.png
224,1165,1,331.15,202.24,628.3,399.71,output_crops\images\p224_q1165.png
224,1166,1,331.15,397.71,628.3,598.21,output_crops\images\p224_q1166.png
224,1167,1,331.15,596.21,628.3,816.73,output_crops\images\p224_q1167.png
225,1168,0,18,66.01,315.15,273.87,output_crops\images\p225_q1168.png
225,1169,0,18,271.87,315.15,420.47,output_crops\images\p225_q1169.png
225,1170,0,18,418.47,315.15,615.08,output_crops\images\p225_q1170.png
225,1171,0,18,613.08,315.15,816.73,output_crops\images\p225_q1171.png
225,1172,1,331.15,206.12,628.3,372.89,output_crops\images\p225_q1172.png
225,1173,1,331.15,370.89,628.3,612.91,output_crops\images\p225_q1173.png
225,1174,1,331.15,610.91,628.3,816.73,output_crops\images\p225_q1174.png
226,1175,0,18,80.18,315.15,372.62,output_crops\images\p226_q1175.png
226,1176,0,18,370.62,315.15,612.78,output_crops\images\p226_q1176.png
226,1177,0,18,610.78,315.15,816.73,output_crops\images\p226_q1177.png
226,1178,1,331.15,66.01,628.3,285.43,output_crops\images\p226_q1178.png
226,1179,1,331.15,283.43,628.3,454.85,output_crops\images\p226_q1179.png
226,1180,1,331.15,452.85,628.3,624.26,output_crops\images\p226_q1180.png
226,1181,1,331.15,622.26,628.3,816.73,output_crops\images\p226_q1181.png
227,1182,0,18,163.12,315.15,386.29,output_crops\images\p227_q1182.png
227,1183,0,18,384.29,315.15,615.76,output_crops\images\p227_q1183.png
227,1184,0,18,613.76,315.15,816.73,output_crops\images\p227_q1184.png
227,1185,1,331.15,66.01,628.3,286.32,output_crops\images\p227_q1185.png
227,1186,1,331.15,284.32,628.3,563.87,output_crops\images\p227_q1186.png
227,1187,1,331.15,561.87,628.3,816.73,output_crops\images\p227_q1187.png
228,1188,0,18,177.29,315.15,379.64,output_crops\images\p228_q1188.png
228,1189,0,18,377.64,315.15,609.33,output_crops\images\p228_q1189.png
228,1190,0,18,607.33,315.15,816.73,output_crops\images\p228_q1190.png
228,1191,1,331.15,66.01,628.3,439.45,output_crops\images\p228_q1191.png
228,1192,1,331.15,437.45,628.3,614.32,output_crops\images\p228_q1192.png
228,1193,1,331.15,612.32,628.3,816.73,output_crops\images\p228_q1193.png
229,1194,0,18,66.01,315.15,261.85,output_crops\images\p229_q1194.png
229,1195,0,18,259.85,315.15,583.02,output_crops\images\p229_q1195.png
229,1196,0,18,581.02,315.15,816.73,output_crops\images\p229_q1196.png
229,1197,1,331.15,66.01,628.3,318.23,output_crops\images\p229_q1197.png
229,1198,1,331.15,316.23,628.3,536.46,output_crops\images\p229_q1198.png
229,1199,1,331.15,534.46,628.3,816.73,output_crops\images\p229_q1199.png
230,1200,0,18,217.79,315.15,416.42,output_crops\images\p230_q1200.png
230,1201,0,18,414.42,315.15,613.05,output_crops\images\p230_q1201.png
230,1202,0,18,611.05,315.15,816.73,output_crops\images\p230_q1202.png
230,1203,1,331.15,66.01,628.3,364.0,output_crops\images\p230_q1203.png
230,1204,1,331.15,362.0,628.3,600.47,output_crops\images\p230_q1204.png
230,1205,1,331.15,598.47,628.3,816.73,output_crops\images\p230_q1205.png
231,1206,0,18,66.01,315.15,299.32,output_crops\images\p231_q1206.png
231,1207,0,18,297.32,315.15,514.62,output_crops\images\p231_q1207.png
231,1208,0,18,512.62,315.15,816.73,output_crops\images\p231_q1208.png
231,1209,1,331.15,176.13,628.3,363.56,output_crops\images\p231_q1209.png
231,1210,1,331.15,361.56,628.3,608.25,output_crops\images\p231_q1210.png
231,1211,1,331.15,606.25,628.3,816.73,output_crops\images\p231_q1211.png
232,1212,0,18,80.18,315.15,308.68,output_crops\images\p232_q1212.png
232,1213,0,18,306.68,315.15,551.18,output_crops\images\p232_q1213.png
232,1214,0,18,549.18,315.15,816.73,output_crops\images\p232_q1214.png
232,1215,1,331.15,163.12,628.3,358.64,output_crops\images\p232_q1215.png
232,1216,1,331.15,356.64,628.3,584.16,output_crops\images\p232_q1216.png
232,1217,1,331.15,582.16,628.3,816.73,output_crops\images\p232_q1217.png
233,1218,0,18,198.32,315.15,374.73,output_crops\images\p233_q1218.png
233,1219,0,18,372.73,315.15,596.89,output_crops\images\p233_q1219.png
233,1220,0,18,594.89,315.15,816.73,output_crops\images\p233_q1220.png
233,1221,1,331.15,66.01,628.3,362.32,output_crops\images\p233_q1221.png
233,1222,1,331.15,360.32,628.3,591.75,output_crops\images\p233_q1222.png
233,1223,1,331.15,589.75,628.3,816.73,output_crops\images\p233_q1223.png
234,1224,0,18,80.18,315.15,398.91,output_crops\images\p234_q1224.png
234,1225,0,18,396.91,315.15,617.92,output_crops\images\p234_q1225.png
234,1226,0,18,615.92,315.15,816.73,output_crops\images\p234_q1226.png
234,1227,1,331.15,66.01,628.3,239.23,output_crops\images\p234_q1227.png
234,1228,1,331.15,237.23,628.3,497.88,output_crops\images\p234_q1228.png
234,1229,1,331.15,495.88,628.3,616.15,output_crops\images\p234_q1229.png
234,1230,1,331.15,614.15,628.3,816.73,output_crops\images\p234_q1230.png
235,1231,0,18,66.01,315.15,246.53,output_crops\images\p235_q1231.png
235,1232,0,18,244.53,315.15,578.68,output_crops\images\p235_q1232.png
235,1233,0,18,576.68,315.15,816.73,output_crops\images\p235_q1233.png
235,1234,1,331.15,66.01,628.3,228.9,output_crops\images\p235_q1234.png
235,1235,1,331.15,226.9,628.3,632.79,output_crops\images\p235_q1235.png
235,1236,1,331.15,630.79,628.3,816.73,output_crops\images\p235_q1236.png
236,1237,0,18,80.18,315.15,278.71,output_crops\images\p236_q1237.png
236,1238,0,18,276.71,315.15,475.24,output_crops\images\p236_q1238.png
236,1239,0,18,473.24,315.15,816.73,output_crops\images\p236_q1239.png
236,1240,1,331.15,142.12,628.3,330.22,output_crops\images\p236_q1240.png
236,1241,1,331.15,328.22,628.3,591.58,output_crops\images\p236_q1241.png
236,1242,1,331.15,589.58,628.3,816.73,output_crops\images\p236_q1242.png
237,1243,0,18,147.12,315.15,344.22,output_crops\images\p237_q1243.png
237,1244,0,18,342.22,315.15,539.33,output_crops\images\p237_q1244.png
237,1245,0,18,537.33,315.15,816.73,output_crops\images\p237_q1245.png
237,1246,1,331.15,259.88,628.3,444.78,output_crops\images\p237_q1246.png
237,1247,1,331.15,442.78,628.3,610.78,output_crops\images\p237_q1247.png
237,1248,1,331.15,608.78,628.3,816.73,output_crops\images\p237_q1248.png
238,1249,0,18,94.36,315.15,247.81,output_crops\images\p238_q1249.png
238,1250,0,18,245.81,315.15,410.77,output_crops\images\p238_q1250.png
238,1251,0,18,408.77,315.15,562.23,output_crops\images\p238_q1251.png
238,1252,0,18,560.23,315.15,816.73,output_crops\images\p238_q1252.png
238,1253,1,331.15,66.01,628.3,381.4,output_crops\images\p238_q1253.png
238,1254,1,331.15,379.4,628.3,603.54,output_crops\images\p238_q1254.png
238,1255,1,331.15,601.54,628.3,816.73,output_crops\images\p238_q1255.png
239,1256,0,18,66.01,315.15,272.77,output_crops\images\p239_q1256.png
239,1257,0,18,270.77,315.15,493.53,output_crops\images\p239_q1257.png
239,1258,0,18,491.53,315.15,816.73,output_crops\images\p239_q1258.png
239,1259,1,331.15,66.01,628.3,239.74,output_crops\images\p239_q1259.png
239,1260,1,331.15,237.74,628.3,411.47,output_crops\images\p239_q1260.png
239,1261,1,331.15,409.47,628.3,626.45,output_crops\images\p239_q1261.png
239,1262,1,331.15,624.45,628.3,816.73,output_crops\images\p239_q1262.png
240,1263,0,18,80.18,315.15,245.87,output_crops\images\p240_q1263.png
240,1264,0,18,243.87,315.15,398.05,output_crops\images\p240_q1264.png
240,1265,0,18,396.05,315.15,636.99,output_crops\images\p240_q1265.png
240,1266,0,18,634.99,315.15,816.73,output_crops\images\p240_q1266.png
240,1267,1,331.15,66.01,628.3,304.56,output_crops\images\p240_q1267.png
240,1268,1,331.15,302.56,628.3,561.74,output_crops\images\p240_q1268.png
240,1269,1,331.15,559.74,628.3,816.73,output_crops\images\p240_q1269.png
242,1270,0,18,94.36,315.15,344.8,output_crops\images\p242_q1270.png
242,1271,0,18,342.8,315.15,561.24,output_crops\images\p242_q1271.png
242,1272,0,18,559.24,315.15,816.73,output_crops\images\p242_q1272.png
242,1273,1,331.15,80.18,628.3,340.68,output_crops\images\p242_q1273.png
242,1274,1,331.15,338.68,628.3,551.18,output_crops\images\p242_q1274.png
242,1275,1,331.15,549.18,628.3,816.73,output_crops\images\p242_q1275.png
243,1276,0,18,80.18,315.15,311.37,output_crops\images\p243_q1276.png
243,1277,0,18,309.37,315.15,547.5,output_crops\images\p243_q1277.png
243,1278,0,18,545.5,315.15,816.73,output_crops\images\p243_q1278.png
243,1279,1,331.15,80.18,628.3,309.68,output_crops\images\p243_q1279.png
243,1280,1,331.15,307.68,628.3,553.83,output_crops\images\p243_q1280.png
243,1281,1,331.15,551.83,628.3,816.73,output_crops\images\p243_q1281.png
244,1282,0,18,94.36,315.15,315.5,output_crops\images\p244_q1282.png
244,1283,0,18,313.5,315.15,528.47,output_crops\images\p244_q1283.png
244,1284,0,18,526.47,315.15,816.73,output_crops\images\p244_q1284.png
244,1285,1,331.15,80.18,628.3,338.18,output_crops\images\p244_q1285.png
244,1286,1,331.15,336.18,628.3,573.93,output_crops\images\p244_q1286.png
244,1287,1,331.15,571.93,628.3,816.73,output_crops\images\p244_q1287.png
245,1288,0,18,80.18,315.15,327.52,output_crops\images\p245_q1288.png
245,1289,0,18,325.52,315.15,552.6,output_crops\images\p245_q1289.png
245,1290,0,18,550.6,315.15,816.73,output_crops\images\p245_q1290.png
245,1291,1,331.15,80.18,628.3,345.68,output_crops\images\p245_q1291.png
245,1292,1,331.15,343.68,628.3,593.18,output_crops\images\p245_q1292.png
245,1293,1,331.15,591.18,628.3,816.73,output_crops\images\p245_q1293.png
246,1294,0,18,94.36,315.15,344.03,output_crops\images\p246_q1294.png
246,1295,0,18,342.03,315.15,569.36,output_crops\images\p246_q1295.png
246,1296,0,18,567.36,315.15,816.73,output_crops\images\p246_q1296.png
246,1297,1,331.15,80.18,628.3,335.35,output_crops\images\p246_q1297.png
246,1298,1,331.15,333.35,628.3,556.52,output_crops\images\p246_q1298.png
246,1299,1,331.15,554.52,628.3,816.73,output_crops\images\p246_q1299.png
247,1300,0,18,80.18,315.15,293.34,output_crops\images\p247_q1300.png
247,1301,0,18,291.34,315.15,552.5,output_crops\images\p247_q1301.png
247,1302,0,18,550.5,315.15,816.73,output_crops\images\p247_q1302.png
247,1303,1,331.15,80.18,628.3,349.18,output_crops\images\p247_q1303.png
247,1304,1,331.15,347.18,628.3,578.93,output_crops\images\p247_q1304.png
247,1305,1,331.15,576.93,628.3,816.73,output_crops\images\p247_q1305.png
248,1306,0,18,94.36,315.15,326.27,output_crops\images\p248_q1306.png
248,1307,0,18,324.27,315.15,556.19,output_crops\images\p248_q1307.png
248,1308,0,18,554.19,315.15,816.73,output_crops\images\p248_q1308.png
248,1309,1,331.15,80.18,628.3,324.98,output_crops\images\p248_q1309.png
248,1310,1,331.15,322.98,628.3,560.98,output_crops\images\p248_q1310.png
248,1311,1,331.15,558.98,628.3,816.73,output_crops\images\p248_q1311.png
249,1312,0,18,80.18,315.15,279.5,output_crops\images\p249_q1312.png
249,1313,0,18,277.5,315.15,523.6,output_crops\images\p249_q1313.png
249,1314,0,18,521.6,315.15,816.73,output_crops\images\p249_q1314.png
249,1315,1,331.15,80.18,628.3,427.95,output_crops\images\p249_q1315.png
249,1316,1,331.15,425.95,628.3,610.32,output_crops\images\p249_q1316.png
249,1317,1,331.15,608.32,628.3,816.73,output_crops\images\p249_q1317.png
250,1318,0,18,94.36,315.15,314.64,output_crops\images\p250_q1318.png
250,1319,0,18,312.64,315.15,623.15,output_crops\images\p250_q1319.png
250,1320,0,18,621.15,315.15,816.73,output_crops\images\p250_q1320.png
250,1321,1,331.15,80.18,628.3,357.19,output_crops\images\p250_q1321.png
250,1322,1,331.15,355.19,628.3,576.91,output_crops\images\p250_q1322.png
250,1323,1,331.15,574.91,628.3,816.73,output_crops\images\p250_q1323.png
251,1324,0,18,80.18,315.15,299.6,output_crops\images\p251_q1324.png
251,1325,0,18,297.6,315.15,592.27,output_crops\images\p251_q1325.png
251,1326,0,18,590.27,315.15,816.73,output_crops\images\p251_q1326.png
251,1327,1,331.15,80.18,628.3,258.75,output_crops\images\p251_q1327.png
251,1328,1,331.15,256.75,628.3,524.38,output_crops\images\p251_q1328.png
251,1329,1,331.15,522.38,628.3,816.73,output_crops\images\p251_q1329.png
252,1330,0,18,94.36,315.15,291.22,output_crops\images\p252_q1330.png
252,1331,0,18,289.22,315.15,532.52,output_crops\images\p252_q1331.png
252,1332,0,18,530.52,315.15,816.73,output_crops\images\p252_q1332.png
252,1333,1,331.15,80.18,628.3,326.27,output_crops\images\p252_q1333.png
252,1334,1,331.15,324.27,628.3,522.35,output_crops\images\p252_q1334.png
252,1335,1,331.15,520.35,628.3,816.73,output_crops\images\p252_q1335.png
253,1336,0,18,80.18,315.15,315.18,output_crops\images\p253_q1336.png
253,1337,0,18,313.18,315.15,584.05,output_crops\images\p253_q1337.png
253,1338,0,18,582.05,315.15,816.73,output_crops\images\p253_q1338.png
253,1339,1,331.15,80.18,628.3,300.68,output_crops\images\p253_q1339.png
253,1340,1,331.15,298.68,628.3,578.43,output_crops\images\p253_q1340.png
253,1341,1,331.15,576.43,628.3,816.73,output_crops\images\p253_q1341.png
254,1342,0,18,94.36,315.15,326.77,output_crops\images\p254_q1342.png
254,1343,0,18,324.77,315.15,544.01,output_crops\images\p254_q1343.png
254,1344,0,18,542.01,315.15,816.73,output_crops\images\p254_q1344.png
254,1345,1,331.15,80.18,628.3,302.44,output_crops\images\p254_q1345.png
254,1346,1,331.15,300.44,628.3,556.06,output_crops\images\p254_q1346.png
254,1347,1,331.15,554.06,628.3,816.73,output_crops\images\p254_q1347.png
255,1348,0,18,80.18,315.15,313.68,output_crops\images\p255_q1348.png
255,1349,0,18,311.68,315.15,546.18,output_crops\images\p255_q1349.png
255,1350,0,18,544.18,315.15,816.73,output_crops\images\p255_q1350.png
255,1351,1,331.15,80.18,628.3,330.02,output_crops\images\p255_q1351.png
255,1352,1,331.15,328.02,628.3,561.85,output_crops\images\p255_q1352.png
255,1353,1,331.15,559.85,628.3,816.73,output_crops\images\p255_q1353.png
256,1354,0,18,94.36,315.15,347.6,output_crops\images\p256_q1354.png
256,1355,0,18,345.6,315.15,572.78,output_crops\images\p256_q1355.png
256,1356,0,18,570.78,315.15,816.73,output_crops\images\p256_q1356.png
256,1357,1,331.15,80.18,628.3,319.35,output_crops\images\p256_q1357.png
256,1358,1,331.15,317.35,628.3,556.52,output_crops\images\p256_q1358.png
256,1359,1,331.15,554.52,628.3,816.73,output_crops\images\p256_q1359.png
257,1360,0,18,80.18,315.15,330.23,output_crops\images\p257_q1360.png
257,1361,0,18,328.23,315.15,604.89,output_crops\images\p257_q1361.png
257,1362,0,18,602.89,315.15,816.73,output_crops\images\p257_q1362.png
257,1363,1,331.15,80.18,628.3,387.85,output_crops\images\p257_q1363.png
257,1364,1,331.15,385.85,628.3,574.77,output_crops\images\p257_q1364.png
257,1365,1,331.15,572.77,628.3,816.73,output_crops\images\p257_q1365.png
258,1366,0,18,94.36,315.15,296.8,output_crops\images\p258_q1366.png
258,1367,0,18,294.8,315.15,529.24,output_crops\images\p258_q1367.png
258,1368,0,18,527.24,315.15,816.73,output_crops\images\p258_q1368.png
258,1369,1,331.15,80.18,628.3,327.59,output_crops\images\p258_q1369.png
258,1370,1,331.15,325.59,628.3,552.64,output_crops\images\p258_q1370.png
258,1371,1,331.15,550.64,628.3,816.73,output_crops\images\p258_q1371.png
259,1372,0,18,80.18,315.15,303.35,output_crops\images\p259_q1372.png
259,1373,0,18,301.35,315.15,540.52,output_crops\images\p259_q1373.png
259,1374,0,18,538.52,315.15,816.73,output_crops\images\p259_q1374.png
259,1375,1,331.15,80.18,628.3,271.35,output_crops\images\p259_q1375.png
259,1376,1,331.15,269.35,628.3,540.52,output_crops\images\p259_q1376.png
259,1377,1,331.15,538.52,628.3,816.73,output_crops\images\p259_q1377.png
260,1378,0,18,94.36,315.15,308.3,output_crops\images\p260_q1378.png
260,1379,0,18,306.3,315.15,561.24,output_crops\images\p260_q1379.png
260,1380,0,18,559.24,315.15,816.73,output_crops\images\p260_q1380.png
260,1381,1,331.15,80.18,628.3,289.95,output_crops\images\p260_q1381.png
260,1382,1,331.15,287.95,628.3,518.22,output_crops\images\p260_q1382.png
260,1383,1,331.15,516.22,628.3,816.73,output_crops\images\p260_q1383.png
261,1384,0,18,80.18,315.15,335.35,output_crops\images\p261_q1384.png
261,1385,0,18,333.35,315.15,556.52,output_crops\images\p261_q1385.png
261,1386,0,18,554.52,315.15,816.73,output_crops\images\p261_q1386.png
261,1387,1,331.15,80.18,628.3,409.93,output_crops\images\p261_q1387.png
261,1388,1,331.15,407.93,628.3,605.31,output_crops\images\p261_q1388.png
261,1389,1,331.15,603.31,628.3,816.73,output_crops\images\p261_q1389.png
